hgca_celltype_v1,n_cells,n_datasets,n_samples,n_donors,n_tissues,n_author_labels,author_v0_exact_fraction,author_level1_match_fraction,author_level2_match_fraction,author_level3_match_fraction,author_level4_match_fraction,author_level5_match_fraction,atlas_increased_resolution_fraction,atlas_same_resolution_fraction,atlas_reduced_resolution_fraction,atlas_changed_branch_fraction,author_taxonomy_mapped_fraction,cell_fraction,rare_lt_0_1pct,one_dataset_only,Disease/case,Health/control,Other/unknown,hgca_celltype_level1,taxonomy_order,lodo_f1,lodo_f1_support,lodo_f1_std,lodo_f1_n_folds,lodo_run
Epithelial,6,4,6,6,2,3,0.0,0.0,,,,,0.0,0.0,0.0,1.0,1.0,0.0018838304552590266,False,False,1,1,0,Epithelial,0,,,,,
Enterocyte Progenitors,37,6,17,15,3,10,0.0,1.0,0.0,0.0,,,0.0,0.0,0.0,1.0,1.0,0.011616954474097331,False,False,1,1,0,Epithelial,3,,,,,
Lower Villus Enterocytes,81,5,16,13,3,9,0.07407407407407407,1.0,0.4444444444444444,0.4444444444444444,,,0.4444444444444444,0.0,0.0,0.5555555555555556,1.0,0.02543171114599686,False,False,1,1,0,Epithelial,4,,,,,
Mid Villus Enterocytes,110,6,18,15,4,8,0.33636363636363636,1.0,0.6454545454545455,0.6454545454545455,,,0.6454545454545455,0.0,0.0,0.35454545454545455,1.0,0.03453689167974882,False,False,1,1,0,Epithelial,5,,,,,
Villus Tip Enterocytes,110,6,15,14,3,7,0.16363636363636364,1.0,0.9818181818181818,0.9818181818181818,,,0.9818181818181818,0.0,0.0,0.01818181818181818,1.0,0.03453689167974882,False,False,1,1,0,Epithelial,6,,,,,
BEST4 Enterocytes,47,7,14,12,4,9,0.0,1.0,1.0,1.0,,,1.0,0.0,0.0,0.0,1.0,0.014756671899529042,False,False,1,1,1,Epithelial,7,,,,,
Colonocyte Progenitors,35,3,6,5,1,10,0.0,1.0,0.2,0.17142857142857143,,,0.17142857142857143,0.0,0.0,0.8285714285714286,1.0,0.01098901098901099,False,False,0,1,0,Epithelial,9,,,,,
Lower Crypt Colonocytes,83,3,8,6,1,13,0.3132530120481928,1.0,0.3373493975903614,0.3253012048192771,,,0.3253012048192771,0.0,0.0,0.6746987951807228,1.0,0.0260596546310832,False,False,0,1,0,Epithelial,10,,,,,
Mid Crypt Colonocytes,32,3,5,4,1,6,0.5,1.0,0.96875,0.9375,,,0.9375,0.0,0.0,0.0625,1.0,0.010047095761381476,False,False,0,1,0,Epithelial,11,,,,,
Crypt Top Colonocytes,18,4,6,6,2,6,0.5555555555555556,1.0,1.0,1.0,,,1.0,0.0,0.0,0.0,1.0,0.00565149136577708,False,False,0,1,1,Epithelial,12,,,,,
BEST4 Colonocytes,55,7,17,15,3,13,0.0,1.0,0.8727272727272727,0.12727272727272726,,,0.12727272727272726,0.0,0.0,0.8727272727272727,1.0,0.01726844583987441,False,False,1,1,0,Epithelial,13,,,,,
Microfold Cells (M Cells),6,3,5,5,2,5,0.0,1.0,0.0,0.0,,,0.0,0.0,0.0,1.0,1.0,0.0018838304552590266,False,False,1,1,0,Epithelial,15,,,,,
Enteroendocrine Cells (EEC),1,1,1,1,1,1,1.0,1.0,1.0,,,,0.0,1.0,0.0,0.0,1.0,0.0003139717425431711,True,True,0,1,0,Epithelial,16,,,,,
EEC Progenitors,6,4,6,6,3,4,0.0,1.0,1.0,,,,1.0,0.0,0.0,0.0,1.0,0.0018838304552590266,False,False,1,1,1,Epithelial,17,,,,,
EEC S,1,1,1,1,1,1,0.0,1.0,1.0,,,,1.0,0.0,0.0,0.0,1.0,0.0003139717425431711,True,True,0,1,0,Epithelial,19,,,,,
EEC Enterochromaffin (EC),1,1,1,1,1,1,0.0,1.0,1.0,,,,1.0,0.0,0.0,0.0,1.0,0.0003139717425431711,True,True,0,1,0,Epithelial,21,,,,,
EEC L,4,1,2,2,2,2,0.0,1.0,1.0,,,,1.0,0.0,0.0,0.0,1.0,0.0012558869701726845,False,True,0,1,0,Epithelial,22,,,,,
EEC N,3,3,3,3,2,3,0.0,1.0,1.0,,,,1.0,0.0,0.0,0.0,1.0,0.0009419152276295133,True,False,0,1,0,Epithelial,25,,,,,
Brunners Gland Cells,12,2,3,3,3,7,0.0,1.0,0.0,0.0,,,0.0,0.0,0.0,1.0,1.0,0.0037676609105180532,False,False,0,1,1,Epithelial,30,,,,,
Paneth Cells,12,6,10,10,2,6,1.0,1.0,1.0,1.0,,,0.0,1.0,0.0,0.0,1.0,0.0037676609105180532,False,False,1,1,0,Epithelial,31,,,,,
Tuft Cells,23,3,6,5,3,4,1.0,1.0,1.0,1.0,,,0.0,1.0,0.0,0.0,1.0,0.007221350078492936,False,False,0,1,0,Epithelial,32,,,,,
Tuft Progenitors,12,9,12,12,3,7,0.4166666666666667,1.0,0.6666666666666666,0.5833333333333334,,,0.5833333333333334,0.0,0.0,0.4166666666666667,1.0,0.0037676609105180532,False,False,1,1,1,Epithelial,33,,,,,
Goblet Cells,108,8,19,18,3,7,0.5370370370370371,1.0,0.9907407407407407,0.9907407407407407,,,0.0,0.6388888888888888,0.35185185185185186,0.009259259259259259,1.0,0.03390894819466248,False,False,1,1,1,Epithelial,34,,,,,
Mature Goblet Cells,29,2,8,8,1,3,0.0,1.0,1.0,1.0,1.0,,0.0,1.0,0.0,0.0,1.0,0.009105180533751962,False,False,1,1,0,Epithelial,35,,,,,
Foveolar Cells,6,1,1,1,1,2,0.0,1.0,0.0,0.0,,,0.0,0.0,0.0,1.0,1.0,0.0018838304552590266,False,True,0,1,0,Epithelial,36,,,,,
Intestinal Stem Cells (ISC),27,4,9,7,3,7,0.9629629629629629,1.0,1.0,1.0,,,0.0,1.0,0.0,0.0,1.0,0.00847723704866562,False,False,0,1,0,Epithelial,41,,,,,
Transiently Amplifying Cells (TA),59,7,20,14,4,11,0.01694915254237288,1.0,0.9152542372881356,0.06779661016949153,,,0.0,0.06779661016949153,0.0,0.9322033898305084,1.0,0.018524332810047096,False,False,1,1,0,Epithelial,42,,,,,
Secretory Progenitors,37,4,8,6,2,10,0.21621621621621623,1.0,0.02702702702702703,0.0,0.0,,0.0,0.0,0.0,1.0,1.0,0.011616954474097331,False,False,1,1,0,Epithelial,43,,,,,
Arteriolar Endothelial,31,2,7,3,4,4,0.0,1.0,1.0,,,,1.0,0.0,0.0,0.0,1.0,0.009733124018838305,False,False,0,1,0,Stromal,46,,,,,
Capillary Endothelial,1,1,1,1,1,1,0.0,1.0,1.0,,,,1.0,0.0,0.0,0.0,1.0,0.0003139717425431711,True,True,0,1,0,Stromal,47,,,,,
Post Arteriole Capillary Endothelial (PAC),10,6,8,6,4,7,0.0,1.0,1.0,,,,1.0,0.0,0.0,0.0,1.0,0.0031397174254317113,False,False,1,1,1,Stromal,48,,,,,
Pre Venule Capillary Endothelial (PVC),3,2,3,3,1,2,0.0,1.0,1.0,,,,1.0,0.0,0.0,0.0,1.0,0.0009419152276295133,True,False,0,1,0,Stromal,49,,,,,
Venular Endothelial,46,5,11,6,4,3,0.0,1.0,1.0,,,,1.0,0.0,0.0,0.0,1.0,0.014442700156985872,False,False,1,1,1,Stromal,50,,,,,
Lymphatic Endothelial,31,1,6,2,4,1,0.0,1.0,1.0,,,,1.0,0.0,0.0,0.0,1.0,0.009733124018838305,False,True,0,1,0,Stromal,51,,,,,
Medullary Sinus Endothelial,7,2,4,3,1,2,0.0,1.0,1.0,,,,1.0,0.0,0.0,0.0,1.0,0.002197802197802198,False,False,0,1,1,Stromal,53,,,,,
Crypt Top Fibroblasts (S2B),1,1,1,1,1,1,0.0,1.0,1.0,1.0,,,1.0,0.0,0.0,0.0,1.0,0.0003139717425431711,True,True,0,1,0,Stromal,58,,,,,
Crypt Bottom Fibroblasts (S2A),6,3,6,6,2,3,0.0,1.0,1.0,1.0,,,1.0,0.0,0.0,0.0,1.0,0.0018838304552590266,False,False,1,1,0,Stromal,59,,,,,
Lamina propria Fibroblasts (S1),33,4,8,6,2,3,0.8181818181818182,1.0,1.0,1.0,,,0.0,1.0,0.0,0.0,1.0,0.010361067503924647,False,False,1,1,1,Stromal,60,,,,,
Submucosal Fibroblasts (S3),58,2,8,4,3,4,0.0,1.0,1.0,0.0,,,0.0,0.0,0.0,1.0,1.0,0.018210361067503924,False,False,0,1,0,Stromal,61,,,,,
Mesenchymal Lymphoid Tissue Organizer Cells (mLTo Cells),1,1,1,1,1,1,0.0,1.0,1.0,0.0,,,0.0,0.0,0.0,1.0,1.0,0.0003139717425431711,True,True,0,0,1,Stromal,62,,,,,
Fibroblastic Reticular Cells (FRC),6,4,5,5,2,4,0.0,1.0,1.0,0.0,,,0.0,0.0,0.0,1.0,1.0,0.0018838304552590266,False,False,0,1,1,Stromal,63,,,,,
Marginal Reticular Cells (MRC),6,6,6,6,2,5,0.0,1.0,1.0,0.0,,,0.0,0.0,0.0,1.0,1.0,0.0018838304552590266,False,False,1,1,1,Stromal,64,,,,,
Follicular Dendritic Cells (fDC),1,1,1,1,1,1,1.0,1.0,1.0,1.0,,,0.0,1.0,0.0,0.0,1.0,0.0003139717425431711,True,True,0,0,1,Stromal,65,,,,,
Muscularis Propria Fibroblasts,5,2,3,3,2,3,0.6,1.0,1.0,0.0,,,0.0,0.0,0.0,1.0,1.0,0.0015698587127158557,False,False,0,1,0,Stromal,67,,,,,
Myofibroblasts,4,2,3,2,2,2,0.0,1.0,1.0,1.0,,,0.0,1.0,0.0,0.0,1.0,0.0012558869701726845,False,False,0,1,1,Stromal,68,,,,,
Interstitial Cells of Cajal (ICC),6,1,3,1,1,3,0.0,1.0,1.0,0.0,,,0.0,0.0,0.0,1.0,1.0,0.0018838304552590266,False,True,0,1,0,Stromal,69,,,,,
Angiogenic Pericytes,3,3,3,3,2,3,0.0,1.0,1.0,,,,1.0,0.0,0.0,0.0,1.0,0.0009419152276295133,True,False,0,1,1,Stromal,71,,,,,
Contractile Pericytes,19,2,8,3,4,1,0.0,1.0,1.0,,,,1.0,0.0,0.0,0.0,1.0,0.005965463108320251,False,False,0,1,1,Stromal,72,,,,,
Secretory Pericytes,1,1,1,1,1,1,0.0,1.0,1.0,,,,1.0,0.0,0.0,0.0,1.0,0.0003139717425431711,True,True,0,0,1,Stromal,74,,,,,
Glia,5,2,2,2,2,2,0.0,1.0,1.0,,,,0.0,1.0,0.0,0.0,1.0,0.0015698587127158557,False,False,1,1,0,Stromal,75,,,,,
Smooth Muscle Cells (SMC),1,1,1,1,1,1,0.0,1.0,0.0,,,,0.0,0.0,0.0,1.0,1.0,0.0003139717425431711,True,True,0,1,0,Stromal,84,,,,,
Adipocytes,6,1,2,2,1,2,0.0,1.0,0.0,,,,0.0,0.0,0.0,1.0,1.0,0.0018838304552590266,False,True,0,1,0,Stromal,88,,,,,
Plasma Cells,84,6,13,13,3,7,0.9642857142857143,1.0,1.0,0.9880952380952381,,,0.0,0.9880952380952381,0.0,0.011904761904761904,1.0,0.026373626373626374,False,False,1,1,1,Lymphoid,91,,,,,
Plasma IGA,123,8,19,15,4,12,0.0,1.0,1.0,0.991869918699187,,,0.991869918699187,0.0,0.0,0.008130081300813009,1.0,0.038618524332810045,False,False,1,1,0,Lymphoid,92,,,,,
Plasma IGG,17,6,9,9,2,5,0.0,1.0,1.0,1.0,,,1.0,0.0,0.0,0.0,1.0,0.005337519623233909,False,False,1,1,1,Lymphoid,94,,,,,
GC B Dark Zone (GC B DZ),98,9,18,17,3,9,0.0,1.0,1.0,0.9897959183673469,,,0.9897959183673469,0.0,0.0,0.01020408163265306,1.0,0.03076923076923077,False,False,1,1,1,Lymphoid,97,,,,,
GC B Light Zone (GC B LZ),79,10,20,19,3,10,0.0,1.0,1.0,1.0,,,1.0,0.0,0.0,0.0,1.0,0.024803767660910518,False,False,1,1,1,Lymphoid,98,,,,,
Memory B,132,10,22,20,3,10,0.23484848484848486,1.0,1.0,0.9621212121212122,,,0.0,0.9621212121212122,0.0,0.03787878787878788,1.0,0.04144427001569859,False,False,1,1,1,Lymphoid,99,,,,,
Naive B,84,10,18,17,4,10,0.09523809523809523,1.0,1.0,0.8809523809523809,,,0.0,0.8809523809523809,0.0,0.11904761904761904,1.0,0.026373626373626374,False,False,1,1,1,Lymphoid,100,,,,,
CD4 Tfh,67,11,16,16,4,15,0.0,1.0,0.9850746268656716,0.9850746268656716,,,0.9850746268656716,0.0,0.0,0.014925373134328358,1.0,0.021036106750392466,False,False,1,1,1,Lymphoid,106,,,,,
CD4 Th17,145,13,29,28,5,19,0.0,1.0,1.0,0.9862068965517241,,,0.9862068965517241,0.0,0.0,0.013793103448275862,1.0,0.04552590266875981,False,False,1,1,1,Lymphoid,108,,,,,
CD4 Tr1,5,2,3,3,2,3,0.0,1.0,1.0,0.2,,,0.2,0.0,0.0,0.8,1.0,0.0015698587127158557,False,False,1,1,0,Lymphoid,110,,,,,
CD4 Tfr,12,7,9,9,2,8,0.0,1.0,1.0,1.0,,,1.0,0.0,0.0,0.0,1.0,0.0037676609105180532,False,False,1,1,1,Lymphoid,112,,,,,
CD4 pTreg,21,7,10,10,3,7,0.0,1.0,1.0,1.0,,,1.0,0.0,0.0,0.0,1.0,0.006593406593406593,False,False,1,1,1,Lymphoid,113,,,,,
CD4 tTreg,17,7,11,11,4,6,0.0,1.0,1.0,1.0,,,1.0,0.0,0.0,0.0,1.0,0.005337519623233909,False,False,1,1,1,Lymphoid,114,,,,,
CD4 Naive,62,7,11,11,4,7,0.0,1.0,0.967741935483871,0.9354838709677419,,,0.9354838709677419,0.0,0.0,0.06451612903225806,1.0,0.01946624803767661,False,False,1,1,1,Lymphoid,115,,,,,
CD4 Memory,122,11,23,22,3,15,0.0,1.0,1.0,0.9754098360655737,,,0.9754098360655737,0.0,0.0,0.02459016393442623,1.0,0.038304552590266876,False,False,1,1,1,Lymphoid,116,,,,,
CD8 Effector Memory,67,9,14,14,4,12,0.0,1.0,0.417910447761194,0.373134328358209,,,0.373134328358209,0.0,0.0,0.6268656716417911,1.0,0.021036106750392466,False,False,1,1,1,Lymphoid,118,,,,,
CD8 Circulating Effector Memory,45,8,19,18,4,10,0.0,1.0,0.9777777777777777,0.9555555555555556,,,0.9555555555555556,0.0,0.0,0.044444444444444446,1.0,0.0141287284144427,False,False,1,1,1,Lymphoid,119,,,,,
CD8 Memory Exhausted,19,4,4,4,3,11,0.0,1.0,0.5263157894736842,0.47368421052631576,,,0.47368421052631576,0.0,0.0,0.5263157894736842,1.0,0.005965463108320251,False,False,1,1,1,Lymphoid,120,,,,,
CD8 TRM,308,11,34,32,4,16,0.08116883116883117,1.0,1.0,0.9642857142857143,,,0.9642857142857143,0.0,0.0,0.03571428571428571,1.0,0.0967032967032967,False,False,1,1,1,Lymphoid,121,,,,,
CD8 IEL,144,10,28,23,4,18,0.0,1.0,0.9861111111111112,0.9513888888888888,,,0.9513888888888888,0.0,0.0,0.04861111111111111,1.0,0.04521193092621664,False,False,1,1,1,Lymphoid,122,,,,,
CD8 Naive,9,5,6,6,2,5,0.0,1.0,1.0,0.0,,,0.0,0.0,0.0,1.0,1.0,0.00282574568288854,False,False,1,1,1,Lymphoid,123,,,,,
Gamma Delta T Cells,16,4,5,5,2,6,0.0,1.0,1.0,0.9375,,,0.9375,0.0,0.0,0.0625,1.0,0.005023547880690738,False,False,1,1,0,Lymphoid,127,,,,,
MAIT Cells,12,4,7,7,2,3,0.0,1.0,1.0,0.0,,,0.0,0.0,0.0,1.0,1.0,0.0037676609105180532,False,False,1,1,0,Lymphoid,128,,,,,
NKT Cells,69,8,20,17,3,11,0.0,1.0,0.057971014492753624,0.0,,,0.0,0.0,0.0,1.0,1.0,0.021664050235478807,False,False,1,1,0,Lymphoid,129,,,,,
NK Cells,34,8,15,15,3,9,0.029411764705882353,1.0,0.9705882352941176,0.9411764705882353,,,0.0,0.9411764705882353,0.0,0.058823529411764705,1.0,0.010675039246467817,False,False,1,1,1,Lymphoid,132,,,,,
ILC3,33,8,10,10,3,8,0.696969696969697,1.0,0.9696969696969697,0.9696969696969697,,,0.0,0.9696969696969697,0.0,0.030303030303030304,1.0,0.010361067503924647,False,False,1,1,1,Lymphoid,135,,,,,
Classical Monocytes,5,4,4,4,3,3,0.0,1.0,0.0,0.0,,,0.0,0.0,0.0,1.0,1.0,0.0015698587127158557,False,False,1,1,1,Myeloid,139,,,,,
Nonclassical Monocytes,3,1,1,1,1,1,0.0,1.0,0.0,0.0,,,0.0,0.0,0.0,1.0,1.0,0.0009419152276295133,True,True,0,1,0,Myeloid,140,,,,,
Cycling Macrophages,6,4,6,6,3,4,0.0,1.0,0.6666666666666666,0.0,,,0.0,0.0,0.0,1.0,1.0,0.0018838304552590266,False,False,1,1,0,Myeloid,142,,,,,
Homeostatic Macrophages,5,4,4,4,2,3,0.0,1.0,0.8,0.0,,,0.0,0.0,0.0,1.0,1.0,0.0015698587127158557,False,False,1,1,0,Myeloid,145,,,,,
M0 Macrophages,23,4,6,6,2,7,0.0,1.0,0.8260869565217391,0.0,,,0.0,0.0,0.0,1.0,1.0,0.007221350078492936,False,False,1,1,1,Myeloid,146,,,,,
Perivascular Resident Macrophages,4,2,3,2,2,2,0.0,1.0,0.5,0.0,,,0.0,0.0,0.0,1.0,1.0,0.0012558869701726845,False,False,0,1,0,Myeloid,147,,,,,
Follicle Associated Resident Macrophages,12,4,8,8,2,5,0.0,1.0,1.0,0.0,,,0.0,0.0,0.0,1.0,1.0,0.0037676609105180532,False,False,1,1,1,Myeloid,148,,,,,
migDC,1,1,1,1,1,1,0.0,1.0,1.0,0.0,,,0.0,0.0,0.0,1.0,1.0,0.0003139717425431711,True,True,0,0,1,Myeloid,151,,,,,
cDC1,4,4,4,4,3,4,0.0,1.0,1.0,0.0,,,0.0,0.0,0.0,1.0,1.0,0.0012558869701726845,False,False,0,1,0,Myeloid,152,,,,,
cDC2,12,6,7,7,2,5,0.9166666666666666,1.0,0.9166666666666666,0.9166666666666666,,,0.0,0.9166666666666666,0.0,0.08333333333333333,1.0,0.0037676609105180532,False,False,1,1,1,Myeloid,153,,,,,
Tolerogenic cDC2,1,1,1,1,1,1,0.0,1.0,1.0,1.0,,,1.0,0.0,0.0,0.0,1.0,0.0003139717425431711,True,True,0,0,1,Myeloid,154,,,,,
pDC,1,1,1,1,1,1,0.0,0.0,0.0,0.0,,,0.0,0.0,0.0,1.0,1.0,0.0003139717425431711,True,True,0,0,1,Myeloid,155,,,,,
Monocyte Derived Dendritic Cells (MO DC),6,3,6,6,2,4,0.0,1.0,0.16666666666666666,0.0,,,0.0,0.0,0.0,1.0,1.0,0.0018838304552590266,False,False,0,1,0,Myeloid,156,,,,,
Mast Cells,14,3,4,4,3,3,1.0,1.0,1.0,1.0,,,0.0,1.0,0.0,0.0,1.0,0.004395604395604396,False,False,1,1,1,Myeloid,158,,,,,
Neutrophils,6,1,3,3,1,2,0.0,0.0,0.0,0.0,,,0.0,0.0,0.0,1.0,1.0,0.0018838304552590266,False,True,0,1,0,Myeloid,159,,,,,
Eosinophils,6,3,4,4,2,3,0.0,1.0,0.6666666666666666,0.0,,,0.0,0.0,0.0,1.0,1.0,0.0018838304552590266,False,False,1,1,0,Myeloid,161,,,,,
