celltype,short_name,role,unit,exclude_datasets,min_sample_cells,min_ct_cells,n_ids_A,n_ids_B,mean_CLR_A,mean_CLR_B,delta_CLR,ci_lo,ci_hi,p_value,n_datasets,id_col,left_out,analysis,delta_all,delta_shift,same_sign
CD4 Tfr,Tfr,featured,sample,,,,36,11,-0.36035355756256465,-0.4430808599873679,-0.08272730242480325,-0.3749649095031201,0.19390055067300194,0.42860461811363637,16,sample_id,none (all data),all,-0.08272730242480325,0.0,True
Medullary Sinus Endothelial,Med. sinus endo.,featured,sample,,,,21,9,-0.0753357788724102,0.041974052121634936,0.11730983099404514,-0.2881189531582199,0.5728367449084697,1.0,9,sample_id,none (all data),all,0.11730983099404514,0.0,True
Follicle Associated Resident Macrophages,FARM,featured,sample,,,,31,8,0.18392264233067127,-0.0832644329473761,-0.26718707527804736,-0.503840500357906,-0.055344928865458,0.4935313166556319,14,sample_id,none (all data),all,-0.26718707527804736,0.0,True
Tuft Progenitors,Tuft progenitors,featured,sample,,,,70,17,-0.011175114722479267,-0.09728411346556329,-0.08610899874308402,-0.2859813184013487,0.1557583521954619,0.013652558439160772,15,sample_id,none (all data),all,-0.08610899874308402,0.0,True
BEST4 Enterocytes,BEST4 enterocytes,featured,sample,,,,70,17,0.07218259005777225,0.2246964897124307,0.15251389965465845,-0.24505356385239155,0.6001040442292266,0.526811668941976,15,sample_id,none (all data),all,0.15251389965465845,0.0,True
BEST4 Colonocytes,BEST4 colonocytes,featured,sample,,,,70,17,0.1198551589797491,0.3011996445554728,0.18134448557572372,-0.23956151269757495,0.6857531401201392,0.563804472090611,15,sample_id,none (all data),all,0.18134448557572372,0.0,True
Lamina propria Fibroblasts (S1),S1 fibroblasts,negative_control,sample,,,,21,9,0.28353869438494755,0.2755658116231265,-0.007972882761821065,-0.7632797207863631,0.8229089958579929,0.5156983940653587,9,sample_id,none (all data),all,-0.007972882761821065,0.0,True
Goblet Cells,Goblet cells,negative_control,sample,,,,70,17,0.35480252450346056,0.09206152329138968,-0.2627410012120709,-0.6760563316979965,0.26465097407739213,0.00271465278783155,15,sample_id,none (all data),all,-0.2627410012120709,0.0,True
Villus Tip Enterocytes,Villus-tip enterocytes,negative_control,sample,,,,70,17,0.27713530196713054,-0.08547995490896622,-0.36261525687609675,-0.68213573838832,0.02049478456651056,0.00013480786442301957,15,sample_id,none (all data),all,-0.36261525687609675,0.0,True
CD8 IEL,CD8 IEL,negative_control,sample,,,,36,11,0.5135453603191954,0.7772343645751548,0.2636890042559594,-0.5172139835858977,1.0143330654343206,0.6241149561615238,16,sample_id,none (all data),all,0.2636890042559594,0.0,True
Homeostatic Macrophages,Homeostatic mac.,negative_control,sample,,,,31,8,-0.02871199418573709,0.05406210313613766,0.08277409732187474,-0.14924476304135348,0.3728034311089708,0.773262288967739,14,sample_id,none (all data),all,0.08277409732187474,0.0,True
Paneth Cells,Paneth cells,negative_control,sample,,,,70,17,0.0009291404259093561,-0.22653261801475266,-0.22746175844066202,-0.36717678324141284,-0.10139192592892166,0.007858905395042054,15,sample_id,none (all data),all,-0.22746175844066202,0.0,True
CD4 Tfr,Tfr,featured,sample,ArendsHelmsley,,,36,11,-0.36035355756256465,-0.4430808599873679,-0.08272730242480325,-0.3749649095031201,0.19390055067300194,0.42860461811363637,16,sample_id,ArendsHelmsley,lodo,-0.08272730242480325,0.0,True
Medullary Sinus Endothelial,Med. sinus endo.,featured,sample,ArendsHelmsley,,,21,9,-0.0753357788724102,0.041974052121634936,0.11730983099404514,-0.2881189531582199,0.5728367449084697,1.0,9,sample_id,ArendsHelmsley,lodo,0.11730983099404514,0.0,True
Follicle Associated Resident Macrophages,FARM,featured,sample,ArendsHelmsley,,,31,5,0.18392264233067127,-0.07504858833883235,-0.2589712306695036,-0.48357063820289103,-0.05781992616700496,0.8257048471752496,13,sample_id,ArendsHelmsley,lodo,-0.26718707527804736,0.008215844608543743,True
Tuft Progenitors,Tuft progenitors,featured,sample,ArendsHelmsley,,,70,14,-0.011175114722479267,-0.177181268144833,-0.16600615342235375,-0.3455053532260411,0.04097308667498774,0.003994646425481708,14,sample_id,ArendsHelmsley,lodo,-0.08610899874308402,-0.07989715467926974,True
BEST4 Enterocytes,BEST4 enterocytes,featured,sample,ArendsHelmsley,,,70,14,0.07218259005777225,0.29226748490473914,0.2200848948469669,-0.24175223634267787,0.7450715099538733,0.740624068627908,14,sample_id,ArendsHelmsley,lodo,0.15251389965465845,0.06757099519230844,True
BEST4 Colonocytes,BEST4 colonocytes,featured,sample,ArendsHelmsley,,,70,14,0.1198551589797491,0.385164172928433,0.2653090139486839,-0.22831359763795298,0.8998370065898695,0.8544010470029655,14,sample_id,ArendsHelmsley,lodo,0.18134448557572372,0.08396452837296017,True
Lamina propria Fibroblasts (S1),S1 fibroblasts,negative_control,sample,ArendsHelmsley,,,21,9,0.28353869438494755,0.2755658116231265,-0.007972882761821065,-0.7632797207863631,0.8229089958579929,0.5156983940653587,9,sample_id,ArendsHelmsley,lodo,-0.007972882761821065,0.0,True
Goblet Cells,Goblet cells,negative_control,sample,ArendsHelmsley,,,70,14,0.35480252450346056,-0.09870896181139661,-0.45351148631485716,-0.8093746236732269,-0.005640707432544078,0.0007994727273640913,14,sample_id,ArendsHelmsley,lodo,-0.2627410012120709,-0.19077048510278627,True
Villus Tip Enterocytes,Villus-tip enterocytes,negative_control,sample,ArendsHelmsley,,,70,14,0.27713530196713054,-0.08437534070695728,-0.36151064267408783,-0.7010365502223608,0.07288306901190306,0.00033252575486805773,14,sample_id,ArendsHelmsley,lodo,-0.36261525687609675,0.0011046142020089134,True
CD8 IEL,CD8 IEL,negative_control,sample,ArendsHelmsley,,,36,11,0.5135453603191954,0.7772343645751548,0.2636890042559594,-0.5172139835858977,1.0143330654343206,0.6241149561615238,16,sample_id,ArendsHelmsley,lodo,0.2636890042559594,0.0,True
Homeostatic Macrophages,Homeostatic mac.,negative_control,sample,ArendsHelmsley,,,31,5,-0.02871199418573709,0.14467386939478963,0.1733858635805267,-0.13760459500138675,0.6285346178653181,0.3576673615841881,13,sample_id,ArendsHelmsley,lodo,0.08277409732187474,0.09061176625865197,True
Paneth Cells,Paneth cells,negative_control,sample,ArendsHelmsley,,,70,14,0.0009291404259093561,-0.2556535744782694,-0.2565827149041788,-0.3993279650837674,-0.12706023823394458,0.006597432168159329,14,sample_id,ArendsHelmsley,lodo,-0.22746175844066202,-0.029120956463516756,True
CD4 Tfr,Tfr,featured,sample,BasuHelmsley,,,35,11,-0.40083102977501456,-0.4430808599873679,-0.042249830212353345,-0.30771884088140633,0.217051060616047,0.3406490657696337,15,sample_id,BasuHelmsley,lodo,-0.08272730242480325,0.040477472212449905,True
Medullary Sinus Endothelial,Med. sinus endo.,featured,sample,BasuHelmsley,,,18,9,-0.08026249001317219,0.041974052121634936,0.12223654213480713,-0.27414195235928396,0.6046356132431185,0.979182108493039,8,sample_id,BasuHelmsley,lodo,0.11730983099404514,0.004926711140761986,True
Follicle Associated Resident Macrophages,FARM,featured,sample,BasuHelmsley,,,27,8,0.18556145062082355,-0.0832644329473761,-0.26882588356819964,-0.5069457005243536,-0.045486239116933024,0.572725166702605,13,sample_id,BasuHelmsley,lodo,-0.26718707527804736,-0.0016388082901522827,True
Tuft Progenitors,Tuft progenitors,featured,sample,BasuHelmsley,,,65,17,-0.023588340891772364,-0.09728411346556329,-0.07369577257379092,-0.2860417975229923,0.1458174680204321,0.020147488043855445,14,sample_id,BasuHelmsley,lodo,-0.08610899874308402,0.012413226169293093,True
BEST4 Enterocytes,BEST4 enterocytes,featured,sample,BasuHelmsley,,,65,17,0.033562056006958635,0.2246964897124307,0.19113443370547206,-0.18792926546095343,0.6822488076374057,0.6370332052986083,14,sample_id,BasuHelmsley,lodo,0.15251389965465845,0.038620534050813615,True
BEST4 Colonocytes,BEST4 colonocytes,featured,sample,BasuHelmsley,,,65,17,0.08490174561524139,0.3011996445554728,0.21629789894023144,-0.19848078990629747,0.6950174810018672,0.6460270232613562,14,sample_id,BasuHelmsley,lodo,0.18134448557572372,0.03495341336450772,True
Lamina propria Fibroblasts (S1),S1 fibroblasts,negative_control,sample,BasuHelmsley,,,18,9,0.3384243954537451,0.2755658116231265,-0.0628585838306186,-0.7874276081870063,0.7040355103084818,0.5145664669155685,8,sample_id,BasuHelmsley,lodo,-0.007972882761821065,-0.05488570106879753,True
Goblet Cells,Goblet cells,negative_control,sample,BasuHelmsley,,,65,17,0.3874431519464413,0.09206152329138968,-0.29538162865505163,-0.7191879457882117,0.2366094435342131,0.002886716079104873,14,sample_id,BasuHelmsley,lodo,-0.2627410012120709,-0.03264062744298074,True
Villus Tip Enterocytes,Villus-tip enterocytes,negative_control,sample,BasuHelmsley,,,65,17,0.30380152767654744,-0.08547995490896622,-0.38928148258551365,-0.7174253565481159,-0.01614427050103852,0.00014754303931969334,14,sample_id,BasuHelmsley,lodo,-0.36261525687609675,-0.026666225709416902,True
CD8 IEL,CD8 IEL,negative_control,sample,BasuHelmsley,,,35,11,0.5294253511510275,0.7772343645751548,0.2478090134241273,-0.5714245872447635,1.067460643725792,0.6246161620474684,15,sample_id,BasuHelmsley,lodo,0.2636890042559594,-0.015879990831832114,True
Homeostatic Macrophages,Homeostatic mac.,negative_control,sample,BasuHelmsley,,,27,8,-0.01788526950290054,0.05406210313613766,0.07194737263903819,-0.17927741994905105,0.3981588297269824,0.878814386536254,13,sample_id,BasuHelmsley,lodo,0.08277409732187474,-0.010826724682836547,True
Paneth Cells,Paneth cells,negative_control,sample,BasuHelmsley,,,65,17,-0.010552989193507693,-0.22653261801475266,-0.21597962882124497,-0.3566916357983582,-0.08869391657576822,0.012634230060132267,14,sample_id,BasuHelmsley,lodo,-0.22746175844066202,0.011482129619417053,True
CD4 Tfr,Tfr,featured,sample,Burclaff2022,,,36,11,-0.36035355756256465,-0.4430808599873679,-0.08272730242480325,-0.3749649095031201,0.19390055067300194,0.42860461811363637,16,sample_id,Burclaff2022,lodo,-0.08272730242480325,0.0,True
Medullary Sinus Endothelial,Med. sinus endo.,featured,sample,Burclaff2022,,,21,9,-0.0753357788724102,0.041974052121634936,0.11730983099404514,-0.2881189531582199,0.5728367449084697,1.0,9,sample_id,Burclaff2022,lodo,0.11730983099404514,0.0,True
Follicle Associated Resident Macrophages,FARM,featured,sample,Burclaff2022,,,31,8,0.18392264233067127,-0.0832644329473761,-0.26718707527804736,-0.503840500357906,-0.055344928865458,0.4935313166556319,14,sample_id,Burclaff2022,lodo,-0.26718707527804736,0.0,True
Tuft Progenitors,Tuft progenitors,featured,sample,Burclaff2022,,,66,17,0.00803783063651406,-0.09728411346556329,-0.10532194410207735,-0.3110975090530904,0.14096058948383766,0.008002367790798605,14,sample_id,Burclaff2022,lodo,-0.08610899874308402,-0.01921294535899333,True
BEST4 Enterocytes,BEST4 enterocytes,featured,sample,Burclaff2022,,,66,17,0.08360967115515652,0.2246964897124307,0.14108681855727417,-0.24577820784778517,0.6337243595662173,0.4474347345704347,14,sample_id,Burclaff2022,lodo,0.15251389965465845,-0.011427081097384273,True
BEST4 Colonocytes,BEST4 colonocytes,featured,sample,Burclaff2022,,,66,17,0.09403194575302168,0.3011996445554728,0.20716769880245114,-0.2320860537256216,0.635864635246352,0.5972335073220013,14,sample_id,Burclaff2022,lodo,0.18134448557572372,0.025823213226727426,True
Lamina propria Fibroblasts (S1),S1 fibroblasts,negative_control,sample,Burclaff2022,,,21,9,0.28353869438494755,0.2755658116231265,-0.007972882761821065,-0.7632797207863631,0.8229089958579929,0.5156983940653587,9,sample_id,Burclaff2022,lodo,-0.007972882761821065,0.0,True
Goblet Cells,Goblet cells,negative_control,sample,Burclaff2022,,,66,17,0.3320428039883098,0.09206152329138968,-0.23998128069692015,-0.6822227455182723,0.2630567846245592,0.0023896538641395592,14,sample_id,Burclaff2022,lodo,-0.2627410012120709,0.02275972051515074,True
Villus Tip Enterocytes,Villus-tip enterocytes,negative_control,sample,Burclaff2022,,,66,17,0.2894361829977047,-0.08547995490896622,-0.3749161379066709,-0.6825011848809599,0.02070661042134966,0.00010511284738200963,14,sample_id,Burclaff2022,lodo,-0.36261525687609675,-0.01230088103057414,True
CD8 IEL,CD8 IEL,negative_control,sample,Burclaff2022,,,36,11,0.5135453603191954,0.7772343645751548,0.2636890042559594,-0.5172139835858977,1.0143330654343206,0.6241149561615238,16,sample_id,Burclaff2022,lodo,0.2636890042559594,0.0,True
Homeostatic Macrophages,Homeostatic mac.,negative_control,sample,Burclaff2022,,,31,8,-0.02871199418573709,0.05406210313613766,0.08277409732187474,-0.14924476304135348,0.3728034311089708,0.773262288967739,14,sample_id,Burclaff2022,lodo,0.08277409732187474,0.0,True
Paneth Cells,Paneth cells,negative_control,sample,Burclaff2022,,,66,17,0.020875677006017137,-0.22653261801475266,-0.2474082950207698,-0.3806300508048233,-0.13229603538194096,0.0026939433130695085,14,sample_id,Burclaff2022,lodo,-0.22746175844066202,-0.019946536580107782,True
CD4 Tfr,Tfr,featured,sample,Dominguez2022,,,36,10,-0.36035355756256465,-0.40579532780237504,-0.045441770239810386,-0.33351769306230317,0.20960355047937973,0.2927564641060477,15,sample_id,Dominguez2022,lodo,-0.08272730242480325,0.037285532184992864,True
Medullary Sinus Endothelial,Med. sinus endo.,featured,sample,Dominguez2022,,,21,9,-0.0753357788724102,0.041974052121634936,0.11730983099404514,-0.2881189531582199,0.5728367449084697,1.0,9,sample_id,Dominguez2022,lodo,0.11730983099404514,0.0,True
Follicle Associated Resident Macrophages,FARM,featured,sample,Dominguez2022,,,31,8,0.18392264233067127,-0.0832644329473761,-0.26718707527804736,-0.503840500357906,-0.055344928865458,0.4935313166556319,14,sample_id,Dominguez2022,lodo,-0.26718707527804736,0.0,True
Tuft Progenitors,Tuft progenitors,featured,sample,Dominguez2022,,,70,17,-0.011175114722479267,-0.09728411346556329,-0.08610899874308402,-0.2859813184013487,0.1557583521954619,0.013652558439160772,15,sample_id,Dominguez2022,lodo,-0.08610899874308402,0.0,True
BEST4 Enterocytes,BEST4 enterocytes,featured,sample,Dominguez2022,,,70,17,0.07218259005777225,0.2246964897124307,0.15251389965465845,-0.24505356385239155,0.6001040442292266,0.526811668941976,15,sample_id,Dominguez2022,lodo,0.15251389965465845,0.0,True
BEST4 Colonocytes,BEST4 colonocytes,featured,sample,Dominguez2022,,,70,17,0.1198551589797491,0.3011996445554728,0.18134448557572372,-0.23956151269757495,0.6857531401201392,0.563804472090611,15,sample_id,Dominguez2022,lodo,0.18134448557572372,0.0,True
Lamina propria Fibroblasts (S1),S1 fibroblasts,negative_control,sample,Dominguez2022,,,21,9,0.28353869438494755,0.2755658116231265,-0.007972882761821065,-0.7632797207863631,0.8229089958579929,0.5156983940653587,9,sample_id,Dominguez2022,lodo,-0.007972882761821065,0.0,True
Goblet Cells,Goblet cells,negative_control,sample,Dominguez2022,,,70,17,0.35480252450346056,0.09206152329138968,-0.2627410012120709,-0.6760563316979965,0.26465097407739213,0.00271465278783155,15,sample_id,Dominguez2022,lodo,-0.2627410012120709,0.0,True
Villus Tip Enterocytes,Villus-tip enterocytes,negative_control,sample,Dominguez2022,,,70,17,0.27713530196713054,-0.08547995490896622,-0.36261525687609675,-0.68213573838832,0.02049478456651056,0.00013480786442301957,15,sample_id,Dominguez2022,lodo,-0.36261525687609675,0.0,True
CD8 IEL,CD8 IEL,negative_control,sample,Dominguez2022,,,36,10,0.5135453603191954,0.9365514192164,0.42300605889720455,-0.390155518090121,1.244098037176985,0.37224170315046146,15,sample_id,Dominguez2022,lodo,0.2636890042559594,0.15931705464124513,True
Homeostatic Macrophages,Homeostatic mac.,negative_control,sample,Dominguez2022,,,31,8,-0.02871199418573709,0.05406210313613766,0.08277409732187474,-0.14924476304135348,0.3728034311089708,0.773262288967739,14,sample_id,Dominguez2022,lodo,0.08277409732187474,0.0,True
Paneth Cells,Paneth cells,negative_control,sample,Dominguez2022,,,70,17,0.0009291404259093561,-0.22653261801475266,-0.22746175844066202,-0.36717678324141284,-0.10139192592892166,0.007858905395042054,15,sample_id,Dominguez2022,lodo,-0.22746175844066202,0.0,True
CD4 Tfr,Tfr,featured,sample,Elmentaite2020,,,35,3,-0.40083102977501456,-0.6414899302406738,-0.24065890046565924,-0.5112292574990155,0.02228534482275075,0.7866365524150647,15,sample_id,Elmentaite2020,lodo,-0.08272730242480325,-0.157931598040856,True
Medullary Sinus Endothelial,Med. sinus endo.,featured,sample,Elmentaite2020,,,20,0,-0.07452501661324688,,,,,,8,sample_id,Elmentaite2020,lodo,0.11730983099404514,,False
Follicle Associated Resident Macrophages,FARM,featured,sample,Elmentaite2020,,,31,5,0.18392264233067127,-0.08563981159367244,-0.2695624539243437,-0.4920726162830957,-0.06448440205852624,0.5452282790944626,13,sample_id,Elmentaite2020,lodo,-0.26718707527804736,-0.0023753786462963333,True
Tuft Progenitors,Tuft progenitors,featured,sample,Elmentaite2020,,,69,4,-0.010768433005896116,0.4715209901536196,0.48228942315951573,-0.11189378756401928,1.0638793956647254,0.31812974431681407,14,sample_id,Elmentaite2020,lodo,-0.08610899874308402,0.5683984219025997,False
BEST4 Enterocytes,BEST4 enterocytes,featured,sample,Elmentaite2020,,,69,4,0.07379735445233006,-0.07778515418043525,-0.1515825086327653,-0.32224345749203887,0.008640091668074027,0.6631966300251744,14,sample_id,Elmentaite2020,lodo,0.15251389965465845,-0.30409640828742374,False
BEST4 Colonocytes,BEST4 colonocytes,featured,sample,Elmentaite2020,,,69,4,0.12216083017027757,-0.07778515418043525,-0.1999459843507128,-0.3599229017418169,-0.05482398273051129,0.5187697924137235,14,sample_id,Elmentaite2020,lodo,0.18134448557572372,-0.38129046992643656,False
Lamina propria Fibroblasts (S1),S1 fibroblasts,negative_control,sample,Elmentaite2020,,,20,0,0.3022931803069787,,,,,,8,sample_id,Elmentaite2020,lodo,-0.007972882761821065,,False
Goblet Cells,Goblet cells,negative_control,sample,Elmentaite2020,,,69,4,0.3605132299769414,0.726933802036615,0.36642057205967354,-0.5829934817897698,1.8939380839424254,0.9699283025953545,14,sample_id,Elmentaite2020,lodo,-0.2627410012120709,0.6291615732717444,False
Villus Tip Enterocytes,Villus-tip enterocytes,negative_control,sample,Elmentaite2020,,,69,4,0.28172039551979494,-0.07778515418043525,-0.3595055497002302,-0.5903522361795579,-0.1602336298325679,0.21801550354122123,14,sample_id,Elmentaite2020,lodo,-0.36261525687609675,0.0031097071758665606,True
CD8 IEL,CD8 IEL,negative_control,sample,Elmentaite2020,,,35,3,0.5294253511510275,-0.6414899302406738,-1.1709152813917014,-1.6197432374035121,-0.738180130597578,0.11642707324376561,15,sample_id,Elmentaite2020,lodo,0.2636890042559594,-1.4346042856476608,False
Homeostatic Macrophages,Homeostatic mac.,negative_control,sample,Elmentaite2020,,,31,5,-0.02871199418573709,-0.08563981159367244,-0.05692781740793535,-0.184836276748394,0.0480263703030574,0.8781592057791109,13,sample_id,Elmentaite2020,lodo,0.08277409732187474,-0.13970191472981008,False
Paneth Cells,Paneth cells,negative_control,sample,Elmentaite2020,,,69,4,-0.014410671096923743,-0.07778515418043525,-0.0633744830835115,-0.19192354491641245,0.047837181183850656,0.8921564671598184,14,sample_id,Elmentaite2020,lodo,-0.22746175844066202,0.1640872753571505,True
CD4 Tfr,Tfr,featured,sample,HamiltonHelmsley,,,30,11,-0.3006116906412595,-0.4430808599873679,-0.14246916934610843,-0.453509337844027,0.1472976258470534,0.5268874816698277,15,sample_id,HamiltonHelmsley,lodo,-0.08272730242480325,-0.059741866921305176,True
Medullary Sinus Endothelial,Med. sinus endo.,featured,sample,HamiltonHelmsley,,,19,9,-0.06640119853293412,0.041974052121634936,0.10837525065456906,-0.3020105424957279,0.5515185154788395,1.0,8,sample_id,HamiltonHelmsley,lodo,0.11730983099404514,-0.008934580339476084,True
Follicle Associated Resident Macrophages,FARM,featured,sample,HamiltonHelmsley,,,31,8,0.18392264233067127,-0.0832644329473761,-0.26718707527804736,-0.503840500357906,-0.055344928865458,0.4935313166556319,14,sample_id,HamiltonHelmsley,lodo,-0.26718707527804736,0.0,True
Tuft Progenitors,Tuft progenitors,featured,sample,HamiltonHelmsley,,,58,17,-0.0006541776500281171,-0.09728411346556329,-0.09662993581553517,-0.3015577163948063,0.15579084248541503,0.015341531138684689,14,sample_id,HamiltonHelmsley,lodo,-0.08610899874308402,-0.01052093707245115,True
BEST4 Enterocytes,BEST4 enterocytes,featured,sample,HamiltonHelmsley,,,58,17,0.07220101928417025,0.2246964897124307,0.15249547042826045,-0.247128125897844,0.5972534122973895,0.5054900258768757,14,sample_id,HamiltonHelmsley,lodo,0.15251389965465845,-1.8429226397997933e-05,True
BEST4 Colonocytes,BEST4 colonocytes,featured,sample,HamiltonHelmsley,,,58,17,0.0729121047761366,0.3011996445554728,0.22828753977933622,-0.1729566018918233,0.7067465472366075,0.7367572226563641,14,sample_id,HamiltonHelmsley,lodo,0.18134448557572372,0.0469430542036125,True
Lamina propria Fibroblasts (S1),S1 fibroblasts,negative_control,sample,HamiltonHelmsley,,,19,9,0.33024953506730337,0.2755658116231265,-0.05468372344417688,-0.7715706222129951,0.775538410478194,0.4806936811140423,8,sample_id,HamiltonHelmsley,lodo,-0.007972882761821065,-0.046710840682355814,True
Goblet Cells,Goblet cells,negative_control,sample,HamiltonHelmsley,,,58,17,0.36660352290651455,0.09206152329138968,-0.2745419996151249,-0.7149676885947104,0.2559959474256409,0.0012802540688121409,14,sample_id,HamiltonHelmsley,lodo,-0.2627410012120709,-0.011800998403053986,True
Villus Tip Enterocytes,Villus-tip enterocytes,negative_control,sample,HamiltonHelmsley,,,58,17,0.30942348771094536,-0.08547995490896622,-0.39490344261991156,-0.7538696185337843,-0.004363687379145146,5.5841989975524235e-05,14,sample_id,HamiltonHelmsley,lodo,-0.36261525687609675,-0.03228818574381481,True
CD8 IEL,CD8 IEL,negative_control,sample,HamiltonHelmsley,,,30,11,0.3983662046107514,0.7772343645751548,0.37886815996440343,-0.3866523774365997,1.2130345565609464,0.40159234412556144,15,sample_id,HamiltonHelmsley,lodo,0.2636890042559594,0.115179155708444,True
Homeostatic Macrophages,Homeostatic mac.,negative_control,sample,HamiltonHelmsley,,,31,8,-0.02871199418573709,0.05406210313613766,0.08277409732187474,-0.14924476304135348,0.3728034311089708,0.773262288967739,14,sample_id,HamiltonHelmsley,lodo,0.08277409732187474,0.0,True
Paneth Cells,Paneth cells,negative_control,sample,HamiltonHelmsley,,,58,17,0.03289599733368418,-0.22653261801475266,-0.25942861534843686,-0.41349321700291114,-0.11804080644975277,0.006128318172707886,14,sample_id,HamiltonHelmsley,lodo,-0.22746175844066202,-0.03196685690777484,True
CD4 Tfr,Tfr,featured,sample,He2020,,,36,11,-0.36035355756256465,-0.4430808599873679,-0.08272730242480325,-0.3749649095031201,0.19390055067300194,0.42860461811363637,16,sample_id,He2020,lodo,-0.08272730242480325,0.0,True
Medullary Sinus Endothelial,Med. sinus endo.,featured,sample,He2020,,,21,9,-0.0753357788724102,0.041974052121634936,0.11730983099404514,-0.2881189531582199,0.5728367449084697,1.0,9,sample_id,He2020,lodo,0.11730983099404514,0.0,True
Follicle Associated Resident Macrophages,FARM,featured,sample,He2020,,,31,7,0.18392264233067127,-0.08535031364817873,-0.26927295597885,-0.5025213034206605,-0.05214834945230297,0.44881640961630054,13,sample_id,He2020,lodo,-0.26718707527804736,-0.0020858807008026226,True
Tuft Progenitors,Tuft progenitors,featured,sample,He2020,,,70,17,-0.011175114722479267,-0.09728411346556329,-0.08610899874308402,-0.2859813184013487,0.1557583521954619,0.013652558439160772,15,sample_id,He2020,lodo,-0.08610899874308402,0.0,True
BEST4 Enterocytes,BEST4 enterocytes,featured,sample,He2020,,,70,17,0.07218259005777225,0.2246964897124307,0.15251389965465845,-0.24505356385239155,0.6001040442292266,0.526811668941976,15,sample_id,He2020,lodo,0.15251389965465845,0.0,True
BEST4 Colonocytes,BEST4 colonocytes,featured,sample,He2020,,,70,17,0.1198551589797491,0.3011996445554728,0.18134448557572372,-0.23956151269757495,0.6857531401201392,0.563804472090611,15,sample_id,He2020,lodo,0.18134448557572372,0.0,True
Lamina propria Fibroblasts (S1),S1 fibroblasts,negative_control,sample,He2020,,,21,9,0.28353869438494755,0.2755658116231265,-0.007972882761821065,-0.7632797207863631,0.8229089958579929,0.5156983940653587,9,sample_id,He2020,lodo,-0.007972882761821065,0.0,True
Goblet Cells,Goblet cells,negative_control,sample,He2020,,,70,17,0.35480252450346056,0.09206152329138968,-0.2627410012120709,-0.6760563316979965,0.26465097407739213,0.00271465278783155,15,sample_id,He2020,lodo,-0.2627410012120709,0.0,True
Villus Tip Enterocytes,Villus-tip enterocytes,negative_control,sample,He2020,,,70,17,0.27713530196713054,-0.08547995490896622,-0.36261525687609675,-0.68213573838832,0.02049478456651056,0.00013480786442301957,15,sample_id,He2020,lodo,-0.36261525687609675,0.0,True
CD8 IEL,CD8 IEL,negative_control,sample,He2020,,,36,11,0.5135453603191954,0.7772343645751548,0.2636890042559594,-0.5172139835858977,1.0143330654343206,0.6241149561615238,16,sample_id,He2020,lodo,0.2636890042559594,0.0,True
Homeostatic Macrophages,Homeostatic mac.,negative_control,sample,He2020,,,31,7,-0.02871199418573709,0.0715942990186941,0.10030629320443119,-0.16184604994811308,0.4488276436751022,0.8687160509736804,13,sample_id,He2020,lodo,0.08277409732187474,0.017532195882556445,True
Paneth Cells,Paneth cells,negative_control,sample,He2020,,,70,17,0.0009291404259093561,-0.22653261801475266,-0.22746175844066202,-0.36717678324141284,-0.10139192592892166,0.007858905395042054,15,sample_id,He2020,lodo,-0.22746175844066202,0.0,True
CD4 Tfr,Tfr,featured,sample,Huang2019,,,35,11,-0.34091442837429936,-0.4430808599873679,-0.10216643161306854,-0.3905318088943165,0.1655278469239754,0.5030772226625932,15,sample_id,Huang2019,lodo,-0.08272730242480325,-0.01943912918826529,True
Medullary Sinus Endothelial,Med. sinus endo.,featured,sample,Huang2019,,,21,9,-0.0753357788724102,0.041974052121634936,0.11730983099404514,-0.2881189531582199,0.5728367449084697,1.0,9,sample_id,Huang2019,lodo,0.11730983099404514,0.0,True
Follicle Associated Resident Macrophages,FARM,featured,sample,Huang2019,,,30,8,0.19234217267641893,-0.0832644329473761,-0.275606605623795,-0.5114830940231121,-0.0699428179571854,0.519332009724905,13,sample_id,Huang2019,lodo,-0.26718707527804736,-0.008419530345747661,True
Tuft Progenitors,Tuft progenitors,featured,sample,Huang2019,,,69,17,-0.010768433005896123,-0.09728411346556329,-0.08651568045966716,-0.2975543319739433,0.16291023294099996,0.015098750568345268,14,sample_id,Huang2019,lodo,-0.08610899874308402,-0.000406681716583146,True
BEST4 Enterocytes,BEST4 enterocytes,featured,sample,Huang2019,,,69,17,0.05787543722525601,0.2246964897124307,0.1668210524871747,-0.22587400951634387,0.6655281037285055,0.5614422306506348,14,sample_id,Huang2019,lodo,0.15251389965465845,0.01430715283251624,True
BEST4 Colonocytes,BEST4 colonocytes,featured,sample,Huang2019,,,69,17,0.12216083017027757,0.3011996445554728,0.17903881438519526,-0.24459209186486433,0.6782094655110963,0.5779126519455541,14,sample_id,Huang2019,lodo,0.18134448557572372,-0.0023056711905284633,True
Lamina propria Fibroblasts (S1),S1 fibroblasts,negative_control,sample,Huang2019,,,21,9,0.28353869438494755,0.2755658116231265,-0.007972882761821065,-0.7632797207863631,0.8229089958579929,0.5156983940653587,9,sample_id,Huang2019,lodo,-0.007972882761821065,0.0,True
Goblet Cells,Goblet cells,negative_control,sample,Huang2019,,,69,17,0.3605132299769413,0.09206152329138968,-0.2684517066855516,-0.6915789267753167,0.27817173004654905,0.0029631192825364198,14,sample_id,Huang2019,lodo,-0.2627410012120709,-0.005710705473480737,True
Villus Tip Enterocytes,Villus-tip enterocytes,negative_control,sample,Huang2019,,,69,17,0.28172039551979494,-0.08547995490896622,-0.36720035042876115,-0.6608741558406283,0.0011934180669981398,0.00015125947470053826,14,sample_id,Huang2019,lodo,-0.36261525687609675,-0.004585093552664399,True
CD8 IEL,CD8 IEL,negative_control,sample,Huang2019,,,35,11,0.5265641074849936,0.7772343645751548,0.2506702570901612,-0.5653118825986594,1.0712182758658984,0.6245841124210729,15,sample_id,Huang2019,lodo,0.2636890042559594,-0.013018747165798206,True
Homeostatic Macrophages,Homeostatic mac.,negative_control,sample,Huang2019,,,30,8,-0.027380285057203076,0.05406210313613766,0.08144238819334074,-0.16504161989798855,0.40576389362754617,0.7383898769338219,13,sample_id,Huang2019,lodo,0.08277409732187474,-0.0013317091285340033,True
Paneth Cells,Paneth cells,negative_control,sample,Huang2019,,,69,17,0.0015112461301503134,-0.22653261801475266,-0.22804386414490296,-0.36289453310019587,-0.09479067868661827,0.00910903745554361,14,sample_id,Huang2019,lodo,-0.22746175844066202,-0.0005821057042409428,True
CD4 Tfr,Tfr,featured,sample,Jaeger2021,,,34,11,-0.458135955776149,-0.4430808599873679,0.015055095788781114,-0.25663580604617936,0.2616195938561649,0.2616421115880696,15,sample_id,Jaeger2021,lodo,-0.08272730242480325,0.09778239821358437,False
Medullary Sinus Endothelial,Med. sinus endo.,featured,sample,Jaeger2021,,,21,9,-0.0753357788724102,0.041974052121634936,0.11730983099404514,-0.2881189531582199,0.5728367449084697,1.0,9,sample_id,Jaeger2021,lodo,0.11730983099404514,0.0,True
Follicle Associated Resident Macrophages,FARM,featured,sample,Jaeger2021,,,31,8,0.18392264233067127,-0.0832644329473761,-0.26718707527804736,-0.503840500357906,-0.055344928865458,0.4935313166556319,14,sample_id,Jaeger2021,lodo,-0.26718707527804736,0.0,True
Tuft Progenitors,Tuft progenitors,featured,sample,Jaeger2021,,,70,17,-0.011175114722479267,-0.09728411346556329,-0.08610899874308402,-0.2859813184013487,0.1557583521954619,0.013652558439160772,15,sample_id,Jaeger2021,lodo,-0.08610899874308402,0.0,True
BEST4 Enterocytes,BEST4 enterocytes,featured,sample,Jaeger2021,,,70,17,0.07218259005777225,0.2246964897124307,0.15251389965465845,-0.24505356385239155,0.6001040442292266,0.526811668941976,15,sample_id,Jaeger2021,lodo,0.15251389965465845,0.0,True
BEST4 Colonocytes,BEST4 colonocytes,featured,sample,Jaeger2021,,,70,17,0.1198551589797491,0.3011996445554728,0.18134448557572372,-0.23956151269757495,0.6857531401201392,0.563804472090611,15,sample_id,Jaeger2021,lodo,0.18134448557572372,0.0,True
Lamina propria Fibroblasts (S1),S1 fibroblasts,negative_control,sample,Jaeger2021,,,21,9,0.28353869438494755,0.2755658116231265,-0.007972882761821065,-0.7632797207863631,0.8229089958579929,0.5156983940653587,9,sample_id,Jaeger2021,lodo,-0.007972882761821065,0.0,True
Goblet Cells,Goblet cells,negative_control,sample,Jaeger2021,,,70,17,0.35480252450346056,0.09206152329138968,-0.2627410012120709,-0.6760563316979965,0.26465097407739213,0.00271465278783155,15,sample_id,Jaeger2021,lodo,-0.2627410012120709,0.0,True
Villus Tip Enterocytes,Villus-tip enterocytes,negative_control,sample,Jaeger2021,,,70,17,0.27713530196713054,-0.08547995490896622,-0.36261525687609675,-0.68213573838832,0.02049478456651056,0.00013480786442301957,15,sample_id,Jaeger2021,lodo,-0.36261525687609675,0.0,True
CD8 IEL,CD8 IEL,negative_control,sample,Jaeger2021,,,34,11,0.5468173161310736,0.7772343645751548,0.23041704844408117,-0.5131659668175138,1.0213507923220704,0.6251067621953028,15,sample_id,Jaeger2021,lodo,0.2636890042559594,-0.03327195581187825,True
Homeostatic Macrophages,Homeostatic mac.,negative_control,sample,Jaeger2021,,,31,8,-0.02871199418573709,0.05406210313613766,0.08277409732187474,-0.14924476304135348,0.3728034311089708,0.773262288967739,14,sample_id,Jaeger2021,lodo,0.08277409732187474,0.0,True
Paneth Cells,Paneth cells,negative_control,sample,Jaeger2021,,,70,17,0.0009291404259093561,-0.22653261801475266,-0.22746175844066202,-0.36717678324141284,-0.10139192592892166,0.007858905395042054,15,sample_id,Jaeger2021,lodo,-0.22746175844066202,0.0,True
CD4 Tfr,Tfr,featured,sample,James2020_3p,,,36,9,-0.36035355756256465,-0.4183728723307025,-0.058019314768137875,-0.3698792949076728,0.2595836129006192,0.3867168489310018,15,sample_id,James2020_3p,lodo,-0.08272730242480325,0.024707987656665376,True
Medullary Sinus Endothelial,Med. sinus endo.,featured,sample,James2020_3p,,,21,9,-0.0753357788724102,0.041974052121634936,0.11730983099404514,-0.2881189531582199,0.5728367449084697,1.0,9,sample_id,James2020_3p,lodo,0.11730983099404514,0.0,True
Follicle Associated Resident Macrophages,FARM,featured,sample,James2020_3p,,,31,7,0.18392264233067127,-0.08535031364817873,-0.26927295597885,-0.5025213034206605,-0.05214834945230297,0.44881640961630054,13,sample_id,James2020_3p,lodo,-0.26718707527804736,-0.0020858807008026226,True
Tuft Progenitors,Tuft progenitors,featured,sample,James2020_3p,,,70,17,-0.011175114722479267,-0.09728411346556329,-0.08610899874308402,-0.2859813184013487,0.1557583521954619,0.013652558439160772,15,sample_id,James2020_3p,lodo,-0.08610899874308402,0.0,True
BEST4 Enterocytes,BEST4 enterocytes,featured,sample,James2020_3p,,,70,17,0.07218259005777225,0.2246964897124307,0.15251389965465845,-0.24505356385239155,0.6001040442292266,0.526811668941976,15,sample_id,James2020_3p,lodo,0.15251389965465845,0.0,True
BEST4 Colonocytes,BEST4 colonocytes,featured,sample,James2020_3p,,,70,17,0.1198551589797491,0.3011996445554728,0.18134448557572372,-0.23956151269757495,0.6857531401201392,0.563804472090611,15,sample_id,James2020_3p,lodo,0.18134448557572372,0.0,True
Lamina propria Fibroblasts (S1),S1 fibroblasts,negative_control,sample,James2020_3p,,,21,9,0.28353869438494755,0.2755658116231265,-0.007972882761821065,-0.7632797207863631,0.8229089958579929,0.5156983940653587,9,sample_id,James2020_3p,lodo,-0.007972882761821065,0.0,True
Goblet Cells,Goblet cells,negative_control,sample,James2020_3p,,,70,17,0.35480252450346056,0.09206152329138968,-0.2627410012120709,-0.6760563316979965,0.26465097407739213,0.00271465278783155,15,sample_id,James2020_3p,lodo,-0.2627410012120709,0.0,True
Villus Tip Enterocytes,Villus-tip enterocytes,negative_control,sample,James2020_3p,,,70,17,0.27713530196713054,-0.08547995490896622,-0.36261525687609675,-0.68213573838832,0.02049478456651056,0.00013480786442301957,15,sample_id,James2020_3p,lodo,-0.36261525687609675,0.0,True
CD8 IEL,CD8 IEL,negative_control,sample,James2020_3p,,,36,9,0.5135453603191954,1.0731235132457142,0.5595781529265188,-0.25255329611814703,1.2916087210552045,0.30026463488773747,15,sample_id,James2020_3p,lodo,0.2636890042559594,0.2958891486705594,True
Homeostatic Macrophages,Homeostatic mac.,negative_control,sample,James2020_3p,,,31,7,-0.02871199418573709,0.0715942990186941,0.10030629320443119,-0.16184604994811308,0.4488276436751022,0.8687160509736804,13,sample_id,James2020_3p,lodo,0.08277409732187474,0.017532195882556445,True
Paneth Cells,Paneth cells,negative_control,sample,James2020_3p,,,70,17,0.0009291404259093561,-0.22653261801475266,-0.22746175844066202,-0.36717678324141284,-0.10139192592892166,0.007858905395042054,15,sample_id,James2020_3p,lodo,-0.22746175844066202,0.0,True
CD4 Tfr,Tfr,featured,sample,James2020_5p,,,36,11,-0.36035355756256465,-0.4430808599873679,-0.08272730242480325,-0.3749649095031201,0.19390055067300194,0.42860461811363637,16,sample_id,James2020_5p,lodo,-0.08272730242480325,0.0,True
Medullary Sinus Endothelial,Med. sinus endo.,featured,sample,James2020_5p,,,21,9,-0.0753357788724102,0.041974052121634936,0.11730983099404514,-0.2881189531582199,0.5728367449084697,1.0,9,sample_id,James2020_5p,lodo,0.11730983099404514,0.0,True
Follicle Associated Resident Macrophages,FARM,featured,sample,James2020_5p,,,31,8,0.18392264233067127,-0.0832644329473761,-0.26718707527804736,-0.503840500357906,-0.055344928865458,0.4935313166556319,14,sample_id,James2020_5p,lodo,-0.26718707527804736,0.0,True
Tuft Progenitors,Tuft progenitors,featured,sample,James2020_5p,,,70,16,-0.011175114722479267,-0.16957537902599806,-0.1584002643035188,-0.32276403920126207,0.03566699323831316,0.0035296245449693755,14,sample_id,James2020_5p,lodo,-0.08610899874308402,-0.07229126556043479,True
BEST4 Enterocytes,BEST4 enterocytes,featured,sample,James2020_5p,,,70,16,0.07218259005777225,0.2411922798923774,0.16900968983460515,-0.2759592474311096,0.701309420621938,0.4323573027478308,14,sample_id,James2020_5p,lodo,0.15251389965465845,0.016495790179946707,True
BEST4 Colonocytes,BEST4 colonocytes,featured,sample,James2020_5p,,,70,16,0.1198551589797491,0.32247688191310964,0.20262172293336053,-0.24558916263328412,0.729782920380037,0.47745445836821043,14,sample_id,James2020_5p,lodo,0.18134448557572372,0.021277237357636813,True
Lamina propria Fibroblasts (S1),S1 fibroblasts,negative_control,sample,James2020_5p,,,21,9,0.28353869438494755,0.2755658116231265,-0.007972882761821065,-0.7632797207863631,0.8229089958579929,0.5156983940653587,9,sample_id,James2020_5p,lodo,-0.007972882761821065,0.0,True
Goblet Cells,Goblet cells,negative_control,sample,James2020_5p,,,70,16,0.35480252450346056,0.10026762807002135,-0.2545348964334392,-0.7366126915342411,0.2996872164919952,0.0017029919522620635,14,sample_id,James2020_5p,lodo,-0.2627410012120709,0.008206104778631707,True
Villus Tip Enterocytes,Villus-tip enterocytes,negative_control,sample,James2020_5p,,,70,16,0.27713530196713054,-0.08837019251785679,-0.3655054944849873,-0.6765980923146097,0.03017133856133175,5.8260533507379965e-05,14,sample_id,James2020_5p,lodo,-0.36261525687609675,-0.002890237608890567,True
CD8 IEL,CD8 IEL,negative_control,sample,James2020_5p,,,36,11,0.5135453603191954,0.7772343645751548,0.2636890042559594,-0.5172139835858977,1.0143330654343206,0.6241149561615238,16,sample_id,James2020_5p,lodo,0.2636890042559594,0.0,True
Homeostatic Macrophages,Homeostatic mac.,negative_control,sample,James2020_5p,,,31,8,-0.02871199418573709,0.05406210313613766,0.08277409732187474,-0.14924476304135348,0.3728034311089708,0.773262288967739,14,sample_id,James2020_5p,lodo,0.08277409732187474,0.0,True
Paneth Cells,Paneth cells,negative_control,sample,James2020_5p,,,70,16,0.0009291404259093561,-0.2382386470677549,-0.23916778749366427,-0.37241428010564204,-0.0958615501158913,0.003613970222213181,14,sample_id,James2020_5p,lodo,-0.22746175844066202,-0.011706029053002248,True
CD4 Tfr,Tfr,featured,sample,Kinchen2018,,,36,11,-0.36035355756256465,-0.4430808599873679,-0.08272730242480325,-0.3749649095031201,0.19390055067300194,0.42860461811363637,16,sample_id,Kinchen2018,lodo,-0.08272730242480325,0.0,True
Medullary Sinus Endothelial,Med. sinus endo.,featured,sample,Kinchen2018,,,19,9,-0.07009944185216704,0.041974052121634936,0.11207349397380198,-0.311729418895155,0.5578456660676221,0.9595065964853409,8,sample_id,Kinchen2018,lodo,0.11730983099404514,-0.005236337020243162,True
Follicle Associated Resident Macrophages,FARM,featured,sample,Kinchen2018,,,31,8,0.18392264233067127,-0.0832644329473761,-0.26718707527804736,-0.503840500357906,-0.055344928865458,0.4935313166556319,14,sample_id,Kinchen2018,lodo,-0.26718707527804736,0.0,True
Tuft Progenitors,Tuft progenitors,featured,sample,Kinchen2018,,,70,17,-0.011175114722479267,-0.09728411346556329,-0.08610899874308402,-0.2859813184013487,0.1557583521954619,0.013652558439160772,15,sample_id,Kinchen2018,lodo,-0.08610899874308402,0.0,True
BEST4 Enterocytes,BEST4 enterocytes,featured,sample,Kinchen2018,,,70,17,0.07218259005777225,0.2246964897124307,0.15251389965465845,-0.24505356385239155,0.6001040442292266,0.526811668941976,15,sample_id,Kinchen2018,lodo,0.15251389965465845,0.0,True
BEST4 Colonocytes,BEST4 colonocytes,featured,sample,Kinchen2018,,,70,17,0.1198551589797491,0.3011996445554728,0.18134448557572372,-0.23956151269757495,0.6857531401201392,0.563804472090611,15,sample_id,Kinchen2018,lodo,0.18134448557572372,0.0,True
Lamina propria Fibroblasts (S1),S1 fibroblasts,negative_control,sample,Kinchen2018,,,19,9,0.32655129174807046,0.2755658116231265,-0.05098548012494397,-0.7961180264623678,0.6759102716698128,0.44650263801372747,8,sample_id,Kinchen2018,lodo,-0.007972882761821065,-0.043012597363122906,True
Goblet Cells,Goblet cells,negative_control,sample,Kinchen2018,,,70,17,0.35480252450346056,0.09206152329138968,-0.2627410012120709,-0.6760563316979965,0.26465097407739213,0.00271465278783155,15,sample_id,Kinchen2018,lodo,-0.2627410012120709,0.0,True
Villus Tip Enterocytes,Villus-tip enterocytes,negative_control,sample,Kinchen2018,,,70,17,0.27713530196713054,-0.08547995490896622,-0.36261525687609675,-0.68213573838832,0.02049478456651056,0.00013480786442301957,15,sample_id,Kinchen2018,lodo,-0.36261525687609675,0.0,True
CD8 IEL,CD8 IEL,negative_control,sample,Kinchen2018,,,36,11,0.5135453603191954,0.7772343645751548,0.2636890042559594,-0.5172139835858977,1.0143330654343206,0.6241149561615238,16,sample_id,Kinchen2018,lodo,0.2636890042559594,0.0,True
Homeostatic Macrophages,Homeostatic mac.,negative_control,sample,Kinchen2018,,,31,8,-0.02871199418573709,0.05406210313613766,0.08277409732187474,-0.14924476304135348,0.3728034311089708,0.773262288967739,14,sample_id,Kinchen2018,lodo,0.08277409732187474,0.0,True
Paneth Cells,Paneth cells,negative_control,sample,Kinchen2018,,,70,17,0.0009291404259093561,-0.22653261801475266,-0.22746175844066202,-0.36717678324141284,-0.10139192592892166,0.007858905395042054,15,sample_id,Kinchen2018,lodo,-0.22746175844066202,0.0,True
CD4 Tfr,Tfr,featured,sample,Kong2023_v2,,,35,11,-0.3526777893092886,-0.4430808599873679,-0.09040307067807929,-0.39598823010584505,0.18728589507835483,0.4708062780582042,15,sample_id,Kong2023_v2,lodo,-0.08272730242480325,-0.0076757682532760385,True
Medullary Sinus Endothelial,Med. sinus endo.,featured,sample,Kong2023_v2,,,17,9,-0.04934295278803886,0.041974052121634936,0.09131700490967379,-0.2897945369367469,0.5350400856487739,0.911577146368084,8,sample_id,Kong2023_v2,lodo,0.11730983099404514,-0.025992826084371354,True
Follicle Associated Resident Macrophages,FARM,featured,sample,Kong2023_v2,,,28,8,0.21588993758784272,-0.0832644329473761,-0.2991543705352188,-0.5323709549774733,-0.09530593078753807,0.4323884111815579,13,sample_id,Kong2023_v2,lodo,-0.26718707527804736,-0.03196729525717146,True
Tuft Progenitors,Tuft progenitors,featured,sample,Kong2023_v2,,,66,17,0.0019956811035513468,-0.09728411346556329,-0.09927979456911463,-0.2949007188124642,0.13108486405551342,0.009950918352933576,14,sample_id,Kong2023_v2,lodo,-0.08610899874308402,-0.013170795826030618,True
BEST4 Enterocytes,BEST4 enterocytes,featured,sample,Kong2023_v2,,,66,17,0.09040536799169688,0.2246964897124307,0.13429112172073382,-0.27196851845575737,0.6249344013617703,0.4578497220947456,14,sample_id,Kong2023_v2,lodo,0.15251389965465845,-0.018222777933924628,True
BEST4 Colonocytes,BEST4 colonocytes,featured,sample,Kong2023_v2,,,66,17,0.14096718351500567,0.3011996445554728,0.16023246104046715,-0.2650803555720496,0.6221339292801549,0.4799476654037891,14,sample_id,Kong2023_v2,lodo,0.18134448557572372,-0.02111202453525657,True
Lamina propria Fibroblasts (S1),S1 fibroblasts,negative_control,sample,Kong2023_v2,,,17,9,0.23467550234739057,0.2755658116231265,0.04089030927573592,-0.6927093003965171,0.8915271543045312,0.5789321341918836,8,sample_id,Kong2023_v2,lodo,-0.007972882761821065,0.048863192037556985,False
Goblet Cells,Goblet cells,negative_control,sample,Kong2023_v2,,,66,17,0.39015378331288136,0.09206152329138968,-0.2980922600214917,-0.7149349503902888,0.22894291364161007,0.0015853938749050725,14,sample_id,Kong2023_v2,lodo,-0.2627410012120709,-0.035351258809420805,True
Villus Tip Enterocytes,Villus-tip enterocytes,negative_control,sample,Kong2023_v2,,,66,17,0.21214711078718418,-0.08547995490896622,-0.2976270656961504,-0.5893110073630179,0.07011603228066043,0.00021683372828891639,14,sample_id,Kong2023_v2,lodo,-0.36261525687609675,0.06498819117994636,True
CD8 IEL,CD8 IEL,negative_control,sample,Kong2023_v2,,,35,11,0.5461896690833788,0.7772343645751548,0.23104469549177598,-0.5551873456824142,1.0479505627874348,0.6992449577652292,15,sample_id,Kong2023_v2,lodo,0.2636890042559594,-0.03264430876418345,True
Homeostatic Macrophages,Homeostatic mac.,negative_control,sample,Kong2023_v2,,,28,8,-0.01952698141246656,0.05406210313613766,0.07358908454860422,-0.18145705860625724,0.39020994898305444,0.8180482960209852,13,sample_id,Kong2023_v2,lodo,0.08277409732187474,-0.009185012773270523,True
Paneth Cells,Paneth cells,negative_control,sample,Kong2023_v2,,,66,17,-0.03129560037123986,-0.22653261801475266,-0.1952370176435128,-0.31840393303459696,-0.07692935541277914,0.010803364436805985,14,sample_id,Kong2023_v2,lodo,-0.22746175844066202,0.03222474079714921,True
CD4 Tfr,Tfr,featured,sample,Kong2023_v3,,,27,11,-0.3578278423934936,-0.4430808599873679,-0.08525301759387433,-0.42655925020404417,0.1937302247619895,0.2880265955350151,15,sample_id,Kong2023_v3,lodo,-0.08272730242480325,-0.0025257151690710744,True
Medullary Sinus Endothelial,Med. sinus endo.,featured,sample,Kong2023_v3,,,17,9,-0.07565375783313742,0.041974052121634936,0.11762780995477236,-0.25693467879106296,0.5553856393182528,1.0,8,sample_id,Kong2023_v3,lodo,0.11730983099404514,0.00031797896072721654,True
Follicle Associated Resident Macrophages,FARM,featured,sample,Kong2023_v3,,,23,8,0.18415286080988966,-0.0832644329473761,-0.26741729375726575,-0.539444836550759,-0.07612992078936677,0.5486677069965444,13,sample_id,Kong2023_v3,lodo,-0.26718707527804736,-0.00023021847921839145,True
Tuft Progenitors,Tuft progenitors,featured,sample,Kong2023_v3,,,50,17,-0.01726379383337094,-0.09728411346556329,-0.08002031963219235,-0.29055081072344174,0.1471362196940573,0.01942650451853696,14,sample_id,Kong2023_v3,lodo,-0.08610899874308402,0.0060886791108916705,True
BEST4 Enterocytes,BEST4 enterocytes,featured,sample,Kong2023_v3,,,50,17,0.03033170080033253,0.2246964897124307,0.19436478891209816,-0.23518332488525426,0.669006297874336,0.5571871167565874,14,sample_id,Kong2023_v3,lodo,0.15251389965465845,0.04185088925743971,True
BEST4 Colonocytes,BEST4 colonocytes,featured,sample,Kong2023_v3,,,50,17,0.21012308089647314,0.3011996445554728,0.09107656365899969,-0.3488830128129173,0.6014000684239327,0.30994277749687715,14,sample_id,Kong2023_v3,lodo,0.18134448557572372,-0.09026792191672403,True
Lamina propria Fibroblasts (S1),S1 fibroblasts,negative_control,sample,Kong2023_v3,,,17,9,0.20836469730229204,0.2755658116231265,0.06720111432083445,-0.6958968954600073,0.8539964447192612,0.6594916569085009,8,sample_id,Kong2023_v3,lodo,-0.007972882761821065,0.07517399708265551,False
Goblet Cells,Goblet cells,negative_control,sample,Kong2023_v3,,,50,17,0.35613335561289683,0.09206152329138968,-0.26407183232150716,-0.7481476545306819,0.2678561313750553,0.003484100286057824,14,sample_id,Kong2023_v3,lodo,-0.2627410012120709,-0.0013308311094362701,True
Villus Tip Enterocytes,Villus-tip enterocytes,negative_control,sample,Kong2023_v3,,,50,17,0.16159268554900894,-0.08547995490896622,-0.24707264045797517,-0.535381370637647,0.12381827531016752,0.0003258845566679323,14,sample_id,Kong2023_v3,lodo,-0.36261525687609675,0.11554261641812158,True
CD8 IEL,CD8 IEL,negative_control,sample,Kong2023_v3,,,27,11,0.5033222550915591,0.7772343645751548,0.2739121094835957,-0.5343159206110675,1.0357274041386995,0.7474846763012906,15,sample_id,Kong2023_v3,lodo,0.2636890042559594,0.010223105227636253,True
Homeostatic Macrophages,Homeostatic mac.,negative_control,sample,Kong2023_v3,,,23,8,-0.0324660878672651,0.05406210313613766,0.08652819100340275,-0.17315569264312278,0.41080573602651543,0.6387621895468244,13,sample_id,Kong2023_v3,lodo,0.08277409732187474,0.0037540936815280146,True
Paneth Cells,Paneth cells,negative_control,sample,Kong2023_v3,,,50,17,-0.00031783662562688883,-0.22653261801475266,-0.22621478138912576,-0.381012247185644,-0.08621790918967501,0.005218881420885828,14,sample_id,Kong2023_v3,lodo,-0.22746175844066202,0.0012469770515362577,True
CD4 Tfr,Tfr,featured,sample,Krzak2023,,,32,11,-0.348397184683771,-0.4430808599873679,-0.09468367530359689,-0.39287419869208734,0.20108586515053814,0.46065440155441184,15,sample_id,Krzak2023,lodo,-0.08272730242480325,-0.011956372878793642,True
Medullary Sinus Endothelial,Med. sinus endo.,featured,sample,Krzak2023,,,21,9,-0.0753357788724102,0.041974052121634936,0.11730983099404514,-0.2881189531582199,0.5728367449084697,1.0,9,sample_id,Krzak2023,lodo,0.11730983099404514,0.0,True
Follicle Associated Resident Macrophages,FARM,featured,sample,Krzak2023,,,27,8,0.09927474512642631,-0.0832644329473761,-0.1825391780738024,-0.39782983928230425,0.014229991449807673,0.8326036910875898,13,sample_id,Krzak2023,lodo,-0.26718707527804736,0.08464789720424495,True
Tuft Progenitors,Tuft progenitors,featured,sample,Krzak2023,,,58,17,0.007107746317856241,-0.09728411346556329,-0.10439185978341953,-0.318988385008723,0.129242447051068,0.008135703504499268,14,sample_id,Krzak2023,lodo,-0.08610899874308402,-0.01828286104033551,True
BEST4 Enterocytes,BEST4 enterocytes,featured,sample,Krzak2023,,,58,17,0.12665346396071342,0.2246964897124307,0.09804302575171728,-0.3057225388378745,0.5327065789162059,0.40737433192836603,14,sample_id,Krzak2023,lodo,0.15251389965465845,-0.05447087390294117,True
BEST4 Colonocytes,BEST4 colonocytes,featured,sample,Krzak2023,,,58,17,0.11275596565290041,0.3011996445554728,0.1884436789025724,-0.2507788987425732,0.6655324407468718,0.5538296974165515,14,sample_id,Krzak2023,lodo,0.18134448557572372,0.007099193326848691,True
Lamina propria Fibroblasts (S1),S1 fibroblasts,negative_control,sample,Krzak2023,,,21,9,0.28353869438494755,0.2755658116231265,-0.007972882761821065,-0.7632797207863631,0.8229089958579929,0.5156983940653587,9,sample_id,Krzak2023,lodo,-0.007972882761821065,0.0,True
Goblet Cells,Goblet cells,negative_control,sample,Krzak2023,,,58,17,0.3029320895228207,0.09206152329138968,-0.21087056623143102,-0.6616779927277907,0.30093125742873283,0.009013152601319262,14,sample_id,Krzak2023,lodo,-0.2627410012120709,0.05187043498063987,True
Villus Tip Enterocytes,Villus-tip enterocytes,negative_control,sample,Krzak2023,,,58,17,0.2995707349972438,-0.08547995490896622,-0.38505068990621,-0.7375746861042598,0.003352534639291141,0.00029349854896096756,14,sample_id,Krzak2023,lodo,-0.36261525687609675,-0.02243543303011325,True
CD8 IEL,CD8 IEL,negative_control,sample,Krzak2023,,,32,11,0.6187757971905219,0.7772343645751548,0.15845856738463293,-0.7268584513451277,0.9277650859630856,0.8563971031450304,15,sample_id,Krzak2023,lodo,0.2636890042559594,-0.1052304368713265,True
Homeostatic Macrophages,Homeostatic mac.,negative_control,sample,Krzak2023,,,27,8,-0.022793286947808127,0.05406210313613766,0.07685539008394579,-0.17402470256934577,0.40080513702956316,0.6267310066860972,13,sample_id,Krzak2023,lodo,0.08277409732187474,-0.00591870723792895,True
Paneth Cells,Paneth cells,negative_control,sample,Krzak2023,,,58,17,0.002774738933702699,-0.22653261801475266,-0.22930735694845536,-0.37182498822800314,-0.08585740206529227,0.00821259474843825,14,sample_id,Krzak2023,lodo,-0.22746175844066202,-0.001845598507793339,True
CD4 Tfr,Tfr,featured,sample,Lee2020,,,35,11,-0.34479636881744924,-0.4430808599873679,-0.09828449116991866,-0.414884916392494,0.15644518809814523,0.48679726081308616,15,sample_id,Lee2020,lodo,-0.08272730242480325,-0.015557188745115413,True
Medullary Sinus Endothelial,Med. sinus endo.,featured,sample,Lee2020,,,20,9,-0.06994746541046311,0.041974052121634936,0.11192151753209804,-0.3090027515412113,0.5400623540266836,0.9806391324855327,8,sample_id,Lee2020,lodo,0.11730983099404514,-0.005388313461947097,True
Follicle Associated Resident Macrophages,FARM,featured,sample,Lee2020,,,30,8,0.20362571518101147,-0.0832644329473761,-0.28689014812838753,-0.519169803200731,-0.07636348565317037,0.38872353317113606,13,sample_id,Lee2020,lodo,-0.26718707527804736,-0.019703072850340175,True
Tuft Progenitors,Tuft progenitors,featured,sample,Lee2020,,,68,17,-0.008593467075052976,-0.09728411346556329,-0.08869064639051032,-0.2865404379451158,0.14856476186351408,0.014960795972265808,14,sample_id,Lee2020,lodo,-0.08610899874308402,-0.0025816476474262995,True
BEST4 Enterocytes,BEST4 enterocytes,featured,sample,Lee2020,,,68,17,0.0772159349046177,0.2246964897124307,0.147480554807813,-0.27266599912923783,0.6198261298034247,0.5226620481804638,14,sample_id,Lee2020,lodo,0.15251389965465845,-0.00503334484684545,True
BEST4 Colonocytes,BEST4 colonocytes,featured,sample,Lee2020,,,68,17,0.12629063820665268,0.3011996445554728,0.17490900634882015,-0.2785249587366949,0.6463350809091005,0.5456179000270305,14,sample_id,Lee2020,lodo,0.18134448557572372,-0.006435479226903573,True
Lamina propria Fibroblasts (S1),S1 fibroblasts,negative_control,sample,Lee2020,,,20,9,0.3068707315097625,0.2755658116231265,-0.03130491988663603,-0.7918094183200256,0.7976219806763851,0.4819244595070734,8,sample_id,Lee2020,lodo,-0.007972882761821065,-0.023332037124814964,True
Goblet Cells,Goblet cells,negative_control,sample,Lee2020,,,68,17,0.3264833182449407,0.09206152329138968,-0.23442179495355103,-0.6425137579438873,0.281803181592801,0.0029759966555908362,14,sample_id,Lee2020,lodo,-0.2627410012120709,0.028319206258519858,True
Villus Tip Enterocytes,Villus-tip enterocytes,negative_control,sample,Lee2020,,,68,17,0.28819666775248654,-0.08547995490896622,-0.37367662266145274,-0.6986763967280559,0.014844807269039228,0.00011982194711023951,14,sample_id,Lee2020,lodo,-0.36261525687609675,-0.011061365785355992,True
CD8 IEL,CD8 IEL,negative_control,sample,Lee2020,,,35,11,0.5540710895752183,0.7772343645751548,0.2231632749999365,-0.5504401665233997,1.044053930823032,0.718410525181512,15,sample_id,Lee2020,lodo,0.2636890042559594,-0.040525729256022935,True
Homeostatic Macrophages,Homeostatic mac.,negative_control,sample,Lee2020,,,30,8,-0.016096742552610555,0.05406210313613766,0.07015884568874821,-0.17208482499739766,0.39530283503069985,0.8889240195186462,13,sample_id,Lee2020,lodo,0.08277409732187474,-0.012615251633126531,True
Paneth Cells,Paneth cells,negative_control,sample,Lee2020,,,68,17,0.003866795577700018,-0.22653261801475266,-0.23039941359245267,-0.3613613096479407,-0.10307272339470021,0.008532600661654066,14,sample_id,Lee2020,lodo,-0.22746175844066202,-0.002937655151790647,True
CD4 Tfr,Tfr,featured,sample,Luoma2020,,,34,11,-0.3196124626726964,-0.4430808599873679,-0.12346839731467152,-0.43786290453713284,0.1563641663128322,0.5881605558019922,15,sample_id,Luoma2020,lodo,-0.08272730242480325,-0.04074109488986827,True
Medullary Sinus Endothelial,Med. sinus endo.,featured,sample,Luoma2020,,,21,9,-0.0753357788724102,0.041974052121634936,0.11730983099404514,-0.2881189531582199,0.5728367449084697,1.0,9,sample_id,Luoma2020,lodo,0.11730983099404514,0.0,True
Follicle Associated Resident Macrophages,FARM,featured,sample,Luoma2020,,,30,8,0.19234217267641893,-0.0832644329473761,-0.275606605623795,-0.5168023755262964,-0.06383584248348935,0.519332009724905,13,sample_id,Luoma2020,lodo,-0.26718707527804736,-0.008419530345747661,True
Tuft Progenitors,Tuft progenitors,featured,sample,Luoma2020,,,68,17,-0.010349790062354631,-0.09728411346556329,-0.08693432340320865,-0.2848270761534913,0.1505611216226007,0.016710885604625445,14,sample_id,Luoma2020,lodo,-0.08610899874308402,-0.0008253246601246378,True
BEST4 Enterocytes,BEST4 enterocytes,featured,sample,Luoma2020,,,68,17,0.07545961191731604,0.2246964897124307,0.14923687779511466,-0.2715254706092772,0.6198700378781072,0.5688887129432352,14,sample_id,Luoma2020,lodo,0.15251389965465845,-0.0032770218595437883,True
BEST4 Colonocytes,BEST4 colonocytes,featured,sample,Luoma2020,,,68,17,0.10837825215070235,0.3011996445554728,0.19282139240477048,-0.2551858217937048,0.6667453787410542,0.6152182715969723,14,sample_id,Luoma2020,lodo,0.18134448557572372,0.011476906829046757,True
Lamina propria Fibroblasts (S1),S1 fibroblasts,negative_control,sample,Luoma2020,,,21,9,0.28353869438494755,0.2755658116231265,-0.007972882761821065,-0.7632797207863631,0.8229089958579929,0.5156983940653587,9,sample_id,Luoma2020,lodo,-0.007972882761821065,0.0,True
Goblet Cells,Goblet cells,negative_control,sample,Luoma2020,,,68,17,0.3663918973761128,0.09206152329138968,-0.2743303740847231,-0.696376539678046,0.24175868696049996,0.0032364261383283043,14,sample_id,Luoma2020,lodo,-0.2627410012120709,-0.011589372872652215,True
Villus Tip Enterocytes,Villus-tip enterocytes,negative_control,sample,Luoma2020,,,68,17,0.2864403447651848,-0.08547995490896622,-0.371920299674151,-0.6969825238383416,0.016575105433224973,0.00016985076382278324,14,sample_id,Luoma2020,lodo,-0.36261525687609675,-0.009305042798054275,True
CD8 IEL,CD8 IEL,negative_control,sample,Luoma2020,,,34,11,0.5028538162178001,0.7772343645751548,0.2743805483573547,-0.4659034310317844,1.0755157566761473,0.6250725636771647,15,sample_id,Luoma2020,lodo,0.2636890042559594,0.010691544101395278,True
Homeostatic Macrophages,Homeostatic mac.,negative_control,sample,Luoma2020,,,30,8,-0.027380285057203076,0.05406210313613766,0.08144238819334074,-0.16710866977558853,0.4126930152069069,0.7383898769338219,13,sample_id,Luoma2020,lodo,0.08277409732187474,-0.0013317091285340033,True
Paneth Cells,Paneth cells,negative_control,sample,Luoma2020,,,68,17,0.002110472590398364,-0.22653261801475266,-0.22864309060515103,-0.35969943952159456,-0.10129564629667392,0.010565720737794592,14,sample_id,Luoma2020,lodo,-0.22746175844066202,-0.001181332164489013,True
CD4 Tfr,Tfr,featured,sample,Martin2019,,,35,11,-0.34307788997940664,-0.4430808599873679,-0.10000297000796127,-0.40108739739457,0.1761825335699375,0.5030772226625932,15,sample_id,Martin2019,lodo,-0.08272730242480325,-0.017275667583158016,True
Medullary Sinus Endothelial,Med. sinus endo.,featured,sample,Martin2019,,,19,9,-0.07844738590868094,0.041974052121634936,0.12042143803031588,-0.28394145086320416,0.5523758144093782,1.0,8,sample_id,Martin2019,lodo,0.11730983099404514,0.0031116070362707388,True
Follicle Associated Resident Macrophages,FARM,featured,sample,Martin2019,,,30,8,0.1969197238792027,-0.0832644329473761,-0.2801841568265788,-0.5097326916268875,-0.08979208539086668,0.3887532366749509,13,sample_id,Martin2019,lodo,-0.26718707527804736,-0.012997081548531464,True
Tuft Progenitors,Tuft progenitors,featured,sample,Martin2019,,,69,17,-0.010199793104929163,-0.09728411346556329,-0.08708432036063413,-0.29789625418477506,0.17215925021349182,0.01428573304232658,14,sample_id,Martin2019,lodo,-0.08610899874308402,-0.0009753216175501095,True
BEST4 Enterocytes,BEST4 enterocytes,featured,sample,Martin2019,,,69,17,0.07436599435329702,0.2246964897124307,0.15033049535913368,-0.2361565261658242,0.6366909018096648,0.5283838674735478,14,sample_id,Martin2019,lodo,0.15251389965465845,-0.0021834042955247712,True
BEST4 Colonocytes,BEST4 colonocytes,featured,sample,Martin2019,,,69,17,0.12272947007124452,0.3011996445554728,0.1784701744842283,-0.24564888051217634,0.6776408256101293,0.5585126558424387,14,sample_id,Martin2019,lodo,0.18134448557572372,-0.002874311091495413,True
Lamina propria Fibroblasts (S1),S1 fibroblasts,negative_control,sample,Martin2019,,,19,9,0.3182033476915565,0.2755658116231265,-0.042637536068430015,-0.7346416057484311,0.7522158154156139,0.5152855961487481,8,sample_id,Martin2019,lodo,-0.007972882761821065,-0.03466465330660895,True
Goblet Cells,Goblet cells,negative_control,sample,Martin2019,,,69,17,0.36108186987790836,0.09206152329138968,-0.2690203465865187,-0.683658407548626,0.25963152973985854,0.0026413808891858565,14,sample_id,Martin2019,lodo,-0.2627410012120709,-0.006279345374447798,True
Villus Tip Enterocytes,Villus-tip enterocytes,negative_control,sample,Martin2019,,,69,17,0.2822890354207619,-0.08547995490896622,-0.3677689903297281,-0.6614135934676112,0.0016947869381818983,0.00013017619071756646,14,sample_id,Martin2019,lodo,-0.36261525687609675,-0.005153733453631348,True
CD8 IEL,CD8 IEL,negative_control,sample,Martin2019,,,35,11,0.5244006458798863,0.7772343645751548,0.2528337186952685,-0.5315895366263736,1.0438133262784233,0.6245841124210729,15,sample_id,Martin2019,lodo,0.2636890042559594,-0.01085528556069093,True
Homeostatic Macrophages,Homeostatic mac.,negative_control,sample,Martin2019,,,30,8,-0.05942314347668961,0.05406210313613766,0.11348524661282727,-0.11902794742921222,0.4401016435827948,0.6752179503100708,13,sample_id,Martin2019,lodo,0.08277409732187474,0.030711149290952533,True
Paneth Cells,Paneth cells,negative_control,sample,Martin2019,,,69,17,0.0020798860311172732,-0.22653261801475266,-0.22861250404586994,-0.36136101036779855,-0.09645676348209879,0.008319978303257902,14,sample_id,Martin2019,lodo,-0.22746175844066202,-0.0011507456052079201,True
CD4 Tfr,Tfr,featured,sample,Wang2020,,,36,11,-0.36035355756256465,-0.4430808599873679,-0.08272730242480325,-0.3749649095031201,0.19390055067300194,0.42860461811363637,16,sample_id,Wang2020,lodo,-0.08272730242480325,0.0,True
Medullary Sinus Endothelial,Med. sinus endo.,featured,sample,Wang2020,,,21,9,-0.0753357788724102,0.041974052121634936,0.11730983099404514,-0.2881189531582199,0.5728367449084697,1.0,9,sample_id,Wang2020,lodo,0.11730983099404514,0.0,True
Follicle Associated Resident Macrophages,FARM,featured,sample,Wang2020,,,31,8,0.18392264233067127,-0.0832644329473761,-0.26718707527804736,-0.503840500357906,-0.055344928865458,0.4935313166556319,14,sample_id,Wang2020,lodo,-0.26718707527804736,0.0,True
Tuft Progenitors,Tuft progenitors,featured,sample,Wang2020,,,66,17,-0.024972757709899342,-0.09728411346556329,-0.07231135575566394,-0.27400242920963036,0.17372590219139497,0.020221322802519585,14,sample_id,Wang2020,lodo,-0.08610899874308402,0.013797642987420075,True
BEST4 Enterocytes,BEST4 enterocytes,featured,sample,Wang2020,,,66,17,0.06343692917824621,0.2246964897124307,0.1612595605341845,-0.24110954791199427,0.6605252430012647,0.6012506897327332,14,sample_id,Wang2020,lodo,0.15251389965465845,0.008745660879526052,True
BEST4 Colonocytes,BEST4 colonocytes,featured,sample,Wang2020,,,66,17,0.13064438543895057,0.3011996445554728,0.17055525911652225,-0.2718232242740511,0.6095752281074633,0.5985943684563854,14,sample_id,Wang2020,lodo,0.18134448557572372,-0.010789226459201468,True
Lamina propria Fibroblasts (S1),S1 fibroblasts,negative_control,sample,Wang2020,,,21,9,0.28353869438494755,0.2755658116231265,-0.007972882761821065,-0.7632797207863631,0.8229089958579929,0.5156983940653587,9,sample_id,Wang2020,lodo,-0.007972882761821065,0.0,True
Goblet Cells,Goblet cells,negative_control,sample,Wang2020,,,66,17,0.33106013940548995,0.09206152329138968,-0.23899861611410028,-0.6544138406594529,0.2662995407978691,0.004231351255301796,14,sample_id,Wang2020,lodo,-0.2627410012120709,0.02374238509797061,True
Villus Tip Enterocytes,Villus-tip enterocytes,negative_control,sample,Wang2020,,,66,17,0.297456658304355,-0.08547995490896622,-0.38293661321332123,-0.6835874277371329,0.012749778706095878,0.0001773705436264588,14,sample_id,Wang2020,lodo,-0.36261525687609675,-0.020321356337224483,True
CD8 IEL,CD8 IEL,negative_control,sample,Wang2020,,,36,11,0.5135453603191954,0.7772343645751548,0.2636890042559594,-0.5172139835858977,1.0143330654343206,0.6241149561615238,16,sample_id,Wang2020,lodo,0.2636890042559594,0.0,True
Homeostatic Macrophages,Homeostatic mac.,negative_control,sample,Wang2020,,,31,8,-0.02871199418573709,0.05406210313613766,0.08277409732187474,-0.14924476304135348,0.3728034311089708,0.773262288967739,14,sample_id,Wang2020,lodo,0.08277409732187474,0.0,True
Paneth Cells,Paneth cells,negative_control,sample,Wang2020,,,66,17,0.004510729396999339,-0.22653261801475266,-0.231043347411752,-0.37123760694487695,-0.09926510658289332,0.012655540532513216,14,sample_id,Wang2020,lodo,-0.22746175844066202,-0.003581588971089983,True
CD4 Tfr,Tfr,featured,sample,Wells2025,,,35,11,-0.3565877450986539,-0.4430808599873679,-0.08649311488871403,-0.37700181979435,0.18466735773600332,0.4246176449899708,15,sample_id,Wells2025,lodo,-0.08272730242480325,-0.003765812463910778,True
Medullary Sinus Endothelial,Med. sinus endo.,featured,sample,Wells2025,,,21,9,-0.0753357788724102,0.041974052121634936,0.11730983099404514,-0.2881189531582199,0.5728367449084697,1.0,9,sample_id,Wells2025,lodo,0.11730983099404514,0.0,True
Follicle Associated Resident Macrophages,FARM,featured,sample,Wells2025,,,31,8,0.18392264233067127,-0.0832644329473761,-0.26718707527804736,-0.503840500357906,-0.055344928865458,0.4935313166556319,14,sample_id,Wells2025,lodo,-0.26718707527804736,0.0,True
Tuft Progenitors,Tuft progenitors,featured,sample,Wells2025,,,70,17,-0.011175114722479267,-0.09728411346556329,-0.08610899874308402,-0.2859813184013487,0.1557583521954619,0.013652558439160772,15,sample_id,Wells2025,lodo,-0.08610899874308402,0.0,True
BEST4 Enterocytes,BEST4 enterocytes,featured,sample,Wells2025,,,70,17,0.07218259005777225,0.2246964897124307,0.15251389965465845,-0.24505356385239155,0.6001040442292266,0.526811668941976,15,sample_id,Wells2025,lodo,0.15251389965465845,0.0,True
BEST4 Colonocytes,BEST4 colonocytes,featured,sample,Wells2025,,,70,17,0.1198551589797491,0.3011996445554728,0.18134448557572372,-0.23956151269757495,0.6857531401201392,0.563804472090611,15,sample_id,Wells2025,lodo,0.18134448557572372,0.0,True
Lamina propria Fibroblasts (S1),S1 fibroblasts,negative_control,sample,Wells2025,,,21,9,0.28353869438494755,0.2755658116231265,-0.007972882761821065,-0.7632797207863631,0.8229089958579929,0.5156983940653587,9,sample_id,Wells2025,lodo,-0.007972882761821065,0.0,True
Goblet Cells,Goblet cells,negative_control,sample,Wells2025,,,70,17,0.35480252450346056,0.09206152329138968,-0.2627410012120709,-0.6760563316979965,0.26465097407739213,0.00271465278783155,15,sample_id,Wells2025,lodo,-0.2627410012120709,0.0,True
Villus Tip Enterocytes,Villus-tip enterocytes,negative_control,sample,Wells2025,,,70,17,0.27713530196713054,-0.08547995490896622,-0.36261525687609675,-0.68213573838832,0.02049478456651056,0.00013480786442301957,15,sample_id,Wells2025,lodo,-0.36261525687609675,0.0,True
CD8 IEL,CD8 IEL,negative_control,sample,Wells2025,,,35,11,0.4795018682272645,0.7772343645751548,0.29773249634789034,-0.4827073745203031,1.1343852377837174,0.5885931555671182,15,sample_id,Wells2025,lodo,0.2636890042559594,0.034043492091930916,True
Homeostatic Macrophages,Homeostatic mac.,negative_control,sample,Wells2025,,,31,8,-0.02871199418573709,0.05406210313613766,0.08277409732187474,-0.14924476304135348,0.3728034311089708,0.773262288967739,14,sample_id,Wells2025,lodo,0.08277409732187474,0.0,True
Paneth Cells,Paneth cells,negative_control,sample,Wells2025,,,70,17,0.0009291404259093561,-0.22653261801475266,-0.22746175844066202,-0.36717678324141284,-0.10139192592892166,0.007858905395042054,15,sample_id,Wells2025,lodo,-0.22746175844066202,0.0,True
CD4 Tfr,Tfr,featured,sample,Wells2025_2,,,32,11,-0.32981795166277317,-0.4430808599873679,-0.11326290832459474,-0.4439903839001607,0.1615937081133788,0.5681843657269392,15,sample_id,Wells2025_2,lodo,-0.08272730242480325,-0.030535605899791485,True
Medullary Sinus Endothelial,Med. sinus endo.,featured,sample,Wells2025_2,,,21,9,-0.0753357788724102,0.041974052121634936,0.11730983099404514,-0.2881189531582199,0.5728367449084697,1.0,9,sample_id,Wells2025_2,lodo,0.11730983099404514,0.0,True
Follicle Associated Resident Macrophages,FARM,featured,sample,Wells2025_2,,,25,8,0.266614129870187,-0.0832644329473761,-0.34987856281756313,-0.5985035923972557,-0.1183705718260361,0.2453306791580231,13,sample_id,Wells2025_2,lodo,-0.26718707527804736,-0.08269148753951577,True
Tuft Progenitors,Tuft progenitors,featured,sample,Wells2025_2,,,70,17,-0.011175114722479267,-0.09728411346556329,-0.08610899874308402,-0.2859813184013487,0.1557583521954619,0.013652558439160772,15,sample_id,Wells2025_2,lodo,-0.08610899874308402,0.0,True
BEST4 Enterocytes,BEST4 enterocytes,featured,sample,Wells2025_2,,,70,17,0.07218259005777225,0.2246964897124307,0.15251389965465845,-0.24505356385239155,0.6001040442292266,0.526811668941976,15,sample_id,Wells2025_2,lodo,0.15251389965465845,0.0,True
BEST4 Colonocytes,BEST4 colonocytes,featured,sample,Wells2025_2,,,70,17,0.1198551589797491,0.3011996445554728,0.18134448557572372,-0.23956151269757495,0.6857531401201392,0.563804472090611,15,sample_id,Wells2025_2,lodo,0.18134448557572372,0.0,True
Lamina propria Fibroblasts (S1),S1 fibroblasts,negative_control,sample,Wells2025_2,,,21,9,0.28353869438494755,0.2755658116231265,-0.007972882761821065,-0.7632797207863631,0.8229089958579929,0.5156983940653587,9,sample_id,Wells2025_2,lodo,-0.007972882761821065,0.0,True
Goblet Cells,Goblet cells,negative_control,sample,Wells2025_2,,,70,17,0.35480252450346056,0.09206152329138968,-0.2627410012120709,-0.6760563316979965,0.26465097407739213,0.00271465278783155,15,sample_id,Wells2025_2,lodo,-0.2627410012120709,0.0,True
Villus Tip Enterocytes,Villus-tip enterocytes,negative_control,sample,Wells2025_2,,,70,17,0.27713530196713054,-0.08547995490896622,-0.36261525687609675,-0.68213573838832,0.02049478456651056,0.00013480786442301957,15,sample_id,Wells2025_2,lodo,-0.36261525687609675,0.0,True
CD8 IEL,CD8 IEL,negative_control,sample,Wells2025_2,,,32,11,0.38220163659343226,0.7772343645751548,0.39503272798172256,-0.3844299084999469,1.1507704723471779,0.46065440155441184,15,sample_id,Wells2025_2,lodo,0.2636890042559594,0.13134372372576314,True
Homeostatic Macrophages,Homeostatic mac.,negative_control,sample,Wells2025_2,,,25,8,-0.06143033590752336,0.05406210313613766,0.11549243904366102,-0.11464992482218285,0.44129712270364696,0.7612780159048594,13,sample_id,Wells2025_2,lodo,0.08277409732187474,0.03271834172178628,True
Paneth Cells,Paneth cells,negative_control,sample,Wells2025_2,,,70,17,0.0009291404259093561,-0.22653261801475266,-0.22746175844066202,-0.36717678324141284,-0.10139192592892166,0.007858905395042054,15,sample_id,Wells2025_2,lodo,-0.22746175844066202,0.0,True
CD4 Tfr,Tfr,featured,sample,Yu2021,,,36,11,-0.36035355756256465,-0.4430808599873679,-0.08272730242480325,-0.3749649095031201,0.19390055067300194,0.42860461811363637,16,sample_id,Yu2021,lodo,-0.08272730242480325,0.0,True
Medullary Sinus Endothelial,Med. sinus endo.,featured,sample,Yu2021,,,21,9,-0.0753357788724102,0.041974052121634936,0.11730983099404514,-0.2881189531582199,0.5728367449084697,1.0,9,sample_id,Yu2021,lodo,0.11730983099404514,0.0,True
Follicle Associated Resident Macrophages,FARM,featured,sample,Yu2021,,,31,8,0.18392264233067127,-0.0832644329473761,-0.26718707527804736,-0.503840500357906,-0.055344928865458,0.4935313166556319,14,sample_id,Yu2021,lodo,-0.26718707527804736,0.0,True
Tuft Progenitors,Tuft progenitors,featured,sample,Yu2021,,,68,17,-0.04266191619965199,-0.09728411346556329,-0.0546221972659113,-0.24059509784160737,0.18905787592237824,0.018525417786168466,14,sample_id,Yu2021,lodo,-0.08610899874308402,0.03148680147717272,True
BEST4 Enterocytes,BEST4 enterocytes,featured,sample,Yu2021,,,68,17,0.07545961191731605,0.2246964897124307,0.14923687779511463,-0.2545780210451863,0.6241713299717347,0.5688887129432352,14,sample_id,Yu2021,lodo,0.15251389965465845,-0.003277021859543816,True
BEST4 Colonocytes,BEST4 colonocytes,featured,sample,Yu2021,,,68,17,0.12453431521935103,0.3011996445554728,0.17666532933612178,-0.2634887503565133,0.6607763388732558,0.5925002593814033,14,sample_id,Yu2021,lodo,0.18134448557572372,-0.004679156239601939,True
Lamina propria Fibroblasts (S1),S1 fibroblasts,negative_control,sample,Yu2021,,,21,9,0.28353869438494755,0.2755658116231265,-0.007972882761821065,-0.7632797207863631,0.8229089958579929,0.5156983940653587,9,sample_id,Yu2021,lodo,-0.007972882761821065,0.0,True
Goblet Cells,Goblet cells,negative_control,sample,Yu2021,,,68,17,0.3663918973761128,0.09206152329138968,-0.2743303740847231,-0.6970568533673477,0.25454508018975797,0.0032364261383283043,14,sample_id,Yu2021,lodo,-0.2627410012120709,-0.011589372872652215,True
Villus Tip Enterocytes,Villus-tip enterocytes,negative_control,sample,Yu2021,,,68,17,0.2864403447651848,-0.08547995490896622,-0.371920299674151,-0.6799254456357792,-0.021695253730158934,0.00016985076382278324,14,sample_id,Yu2021,lodo,-0.36261525687609675,-0.009305042798054275,True
CD8 IEL,CD8 IEL,negative_control,sample,Yu2021,,,36,11,0.5135453603191954,0.7772343645751548,0.2636890042559594,-0.5172139835858977,1.0143330654343206,0.6241149561615238,16,sample_id,Yu2021,lodo,0.2636890042559594,0.0,True
Homeostatic Macrophages,Homeostatic mac.,negative_control,sample,Yu2021,,,31,8,-0.02871199418573709,0.05406210313613766,0.08277409732187474,-0.14924476304135348,0.3728034311089708,0.773262288967739,14,sample_id,Yu2021,lodo,0.08277409732187474,0.0,True
Paneth Cells,Paneth cells,negative_control,sample,Yu2021,,,68,17,0.0021104725903983556,-0.22653261801475266,-0.228643090605151,-0.3705449001019311,-0.1007757747242646,0.010565720737794592,14,sample_id,Yu2021,lodo,-0.22746175844066202,-0.0011813321644889851,True
CD4 Tfr,Tfr,featured,sample,Zheng2024,,,34,11,-0.38027535428083986,-0.4430808599873679,-0.06280550570652804,-0.35603333682796573,0.22985564691714944,0.39062679185966365,15,sample_id,Zheng2024,lodo,-0.08272730242480325,0.01992179671827521,True
Medullary Sinus Endothelial,Med. sinus endo.,featured,sample,Zheng2024,,,19,9,-0.11122525314272408,0.041974052121634936,0.15319930526435901,-0.2518456316095356,0.5860564606471848,0.9594711634840949,8,sample_id,Zheng2024,lodo,0.11730983099404514,0.03588947427031387,True
Follicle Associated Resident Macrophages,FARM,featured,sample,Zheng2024,,,29,8,0.10762617568442243,-0.0832644329473761,-0.19089060863179852,-0.3858807281921789,-0.009991188101656194,0.6766918593591573,13,sample_id,Zheng2024,lodo,-0.26718707527804736,0.07629646664624884,True
Tuft Progenitors,Tuft progenitors,featured,sample,Zheng2024,,,70,17,-0.011175114722479267,-0.09728411346556329,-0.08610899874308402,-0.2859813184013487,0.1557583521954619,0.013652558439160772,15,sample_id,Zheng2024,lodo,-0.08610899874308402,0.0,True
BEST4 Enterocytes,BEST4 enterocytes,featured,sample,Zheng2024,,,70,17,0.07218259005777225,0.2246964897124307,0.15251389965465845,-0.24505356385239155,0.6001040442292266,0.526811668941976,15,sample_id,Zheng2024,lodo,0.15251389965465845,0.0,True
BEST4 Colonocytes,BEST4 colonocytes,featured,sample,Zheng2024,,,70,17,0.1198551589797491,0.3011996445554728,0.18134448557572372,-0.23956151269757495,0.6857531401201392,0.563804472090611,15,sample_id,Zheng2024,lodo,0.18134448557572372,0.0,True
Lamina propria Fibroblasts (S1),S1 fibroblasts,negative_control,sample,Zheng2024,,,19,9,0.17383266276277168,0.2755658116231265,0.10173314886035481,-0.567709947598178,0.8625923630143895,0.6116443831485792,8,sample_id,Zheng2024,lodo,-0.007972882761821065,0.10970603162217588,False
Goblet Cells,Goblet cells,negative_control,sample,Zheng2024,,,70,17,0.35480252450346056,0.09206152329138968,-0.2627410012120709,-0.6760563316979965,0.26465097407739213,0.00271465278783155,15,sample_id,Zheng2024,lodo,-0.2627410012120709,0.0,True
Villus Tip Enterocytes,Villus-tip enterocytes,negative_control,sample,Zheng2024,,,70,17,0.27713530196713054,-0.08547995490896622,-0.36261525687609675,-0.68213573838832,0.02049478456651056,0.00013480786442301957,15,sample_id,Zheng2024,lodo,-0.36261525687609675,0.0,True
CD8 IEL,CD8 IEL,negative_control,sample,Zheng2024,,,34,11,0.5277415392144909,0.7772343645751548,0.24949282536066397,-0.49946145123851127,1.0477804478179942,0.6250725636771647,15,sample_id,Zheng2024,lodo,0.2636890042559594,-0.014196178895295453,True
Homeostatic Macrophages,Homeostatic mac.,negative_control,sample,Zheng2024,,,29,8,-0.006023371419175181,0.05406210313613766,0.06008547455531284,-0.1740948777615187,0.4148810672917023,1.0,13,sample_id,Zheng2024,lodo,0.08277409732187474,-0.022688622766561903,True
Paneth Cells,Paneth cells,negative_control,sample,Zheng2024,,,70,17,0.0009291404259093561,-0.22653261801475266,-0.22746175844066202,-0.36717678324141284,-0.10139192592892166,0.007858905395042054,15,sample_id,Zheng2024,lodo,-0.22746175844066202,0.0,True
