context,n_samples,n_pos,detection_rate,celltype,short_name,strata,radial_layer,segment
full_thickness,19,0,0.0,CD4 Tfh,CD4 Tfh,depth,,
not_full_thickness,109,5,0.045871559633027525,CD4 Tfh,CD4 Tfh,depth,,
,28,0,0.0,CD4 Tfh,CD4 Tfh,radial_layer,EPI,
,36,2,0.05555555555555555,CD4 Tfh,CD4 Tfh,radial_layer,EPI_LP,
,19,0,0.0,CD4 Tfh,CD4 Tfh,radial_layer,EPI_LP_MUSC,
,33,3,0.09090909090909091,CD4 Tfh,CD4 Tfh,radial_layer,LP,
,12,0,0.0,CD4 Tfh,CD4 Tfh,radial_layer,WM,
,42,1,0.023809523809523808,CD4 Tfh,CD4 Tfh,segment,,colon
,6,False,0.0,CD4 Tfh,CD4 Tfh,segment,,duodenum
,71,4,0.056338028169014086,CD4 Tfh,CD4 Tfh,segment,,ileum
,9,0,0.0,CD4 Tfh,CD4 Tfh,segment,,jejunum
full_thickness,8,0,0.0,CD4 Tfh,CD4 Tfh,segment×depth,,colon
not_full_thickness,34,1,0.029411764705882353,CD4 Tfh,CD4 Tfh,segment×depth,,colon
full_thickness,2,False,0.0,CD4 Tfh,CD4 Tfh,segment×depth,,duodenum
not_full_thickness,4,0,0.0,CD4 Tfh,CD4 Tfh,segment×depth,,duodenum
full_thickness,8,0,0.0,CD4 Tfh,CD4 Tfh,segment×depth,,ileum
not_full_thickness,63,4,0.06349206349206349,CD4 Tfh,CD4 Tfh,segment×depth,,ileum
full_thickness,1,False,0.0,CD4 Tfh,CD4 Tfh,segment×depth,,jejunum
not_full_thickness,8,0,0.0,CD4 Tfh,CD4 Tfh,segment×depth,,jejunum
,15,0,0.0,CD4 Tfh,CD4 Tfh,segment×radial_layer,EPI,colon
,9,1,0.1111111111111111,CD4 Tfh,CD4 Tfh,segment×radial_layer,EPI_LP,colon
,8,0,0.0,CD4 Tfh,CD4 Tfh,segment×radial_layer,EPI_LP_MUSC,colon
,5,0,0.0,CD4 Tfh,CD4 Tfh,segment×radial_layer,LP,colon
,5,0,0.0,CD4 Tfh,CD4 Tfh,segment×radial_layer,WM,colon
,2,0,0.0,CD4 Tfh,CD4 Tfh,segment×radial_layer,EPI,duodenum
,2,0,0.0,CD4 Tfh,CD4 Tfh,segment×radial_layer,EPI_LP,duodenum
,2,False,0.0,CD4 Tfh,CD4 Tfh,segment×radial_layer,EPI_LP_MUSC,duodenum
,9,0,0.0,CD4 Tfh,CD4 Tfh,segment×radial_layer,EPI,ileum
,25,1,0.04,CD4 Tfh,CD4 Tfh,segment×radial_layer,EPI_LP,ileum
,8,0,0.0,CD4 Tfh,CD4 Tfh,segment×radial_layer,EPI_LP_MUSC,ileum
,22,3,0.13636363636363635,CD4 Tfh,CD4 Tfh,segment×radial_layer,LP,ileum
,7,0,0.0,CD4 Tfh,CD4 Tfh,segment×radial_layer,WM,ileum
,2,0,0.0,CD4 Tfh,CD4 Tfh,segment×radial_layer,EPI,jejunum
,1,False,0.0,CD4 Tfh,CD4 Tfh,segment×radial_layer,EPI_LP_MUSC,jejunum
,6,0,0.0,CD4 Tfh,CD4 Tfh,segment×radial_layer,LP,jejunum
full_thickness,19,0,0.0,CD4 Tfr,Tfr,depth,,
not_full_thickness,109,0,0.0,CD4 Tfr,Tfr,depth,,
,28,0,0.0,CD4 Tfr,Tfr,radial_layer,EPI,
,36,0,0.0,CD4 Tfr,Tfr,radial_layer,EPI_LP,
,19,0,0.0,CD4 Tfr,Tfr,radial_layer,EPI_LP_MUSC,
,33,0,0.0,CD4 Tfr,Tfr,radial_layer,LP,
,12,0,0.0,CD4 Tfr,Tfr,radial_layer,WM,
,42,0,0.0,CD4 Tfr,Tfr,segment,,colon
,6,False,0.0,CD4 Tfr,Tfr,segment,,duodenum
,71,0,0.0,CD4 Tfr,Tfr,segment,,ileum
,9,0,0.0,CD4 Tfr,Tfr,segment,,jejunum
full_thickness,8,0,0.0,CD4 Tfr,Tfr,segment×depth,,colon
not_full_thickness,34,0,0.0,CD4 Tfr,Tfr,segment×depth,,colon
full_thickness,2,False,0.0,CD4 Tfr,Tfr,segment×depth,,duodenum
not_full_thickness,4,0,0.0,CD4 Tfr,Tfr,segment×depth,,duodenum
full_thickness,8,0,0.0,CD4 Tfr,Tfr,segment×depth,,ileum
not_full_thickness,63,0,0.0,CD4 Tfr,Tfr,segment×depth,,ileum
full_thickness,1,False,0.0,CD4 Tfr,Tfr,segment×depth,,jejunum
not_full_thickness,8,0,0.0,CD4 Tfr,Tfr,segment×depth,,jejunum
,15,0,0.0,CD4 Tfr,Tfr,segment×radial_layer,EPI,colon
,9,0,0.0,CD4 Tfr,Tfr,segment×radial_layer,EPI_LP,colon
,8,0,0.0,CD4 Tfr,Tfr,segment×radial_layer,EPI_LP_MUSC,colon
,5,0,0.0,CD4 Tfr,Tfr,segment×radial_layer,LP,colon
,5,0,0.0,CD4 Tfr,Tfr,segment×radial_layer,WM,colon
,2,0,0.0,CD4 Tfr,Tfr,segment×radial_layer,EPI,duodenum
,2,0,0.0,CD4 Tfr,Tfr,segment×radial_layer,EPI_LP,duodenum
,2,False,0.0,CD4 Tfr,Tfr,segment×radial_layer,EPI_LP_MUSC,duodenum
,9,0,0.0,CD4 Tfr,Tfr,segment×radial_layer,EPI,ileum
,25,0,0.0,CD4 Tfr,Tfr,segment×radial_layer,EPI_LP,ileum
,8,0,0.0,CD4 Tfr,Tfr,segment×radial_layer,EPI_LP_MUSC,ileum
,22,0,0.0,CD4 Tfr,Tfr,segment×radial_layer,LP,ileum
,7,0,0.0,CD4 Tfr,Tfr,segment×radial_layer,WM,ileum
,2,0,0.0,CD4 Tfr,Tfr,segment×radial_layer,EPI,jejunum
,1,False,0.0,CD4 Tfr,Tfr,segment×radial_layer,EPI_LP_MUSC,jejunum
,6,0,0.0,CD4 Tfr,Tfr,segment×radial_layer,LP,jejunum
full_thickness,19,0,0.0,Fibroblastic Reticular Cells (FRC),Fibroblastic Reticular Cells (FRC),depth,,
not_full_thickness,109,0,0.0,Fibroblastic Reticular Cells (FRC),Fibroblastic Reticular Cells (FRC),depth,,
,28,0,0.0,Fibroblastic Reticular Cells (FRC),Fibroblastic Reticular Cells (FRC),radial_layer,EPI,
,36,0,0.0,Fibroblastic Reticular Cells (FRC),Fibroblastic Reticular Cells (FRC),radial_layer,EPI_LP,
,19,0,0.0,Fibroblastic Reticular Cells (FRC),Fibroblastic Reticular Cells (FRC),radial_layer,EPI_LP_MUSC,
,33,0,0.0,Fibroblastic Reticular Cells (FRC),Fibroblastic Reticular Cells (FRC),radial_layer,LP,
,12,0,0.0,Fibroblastic Reticular Cells (FRC),Fibroblastic Reticular Cells (FRC),radial_layer,WM,
,42,0,0.0,Fibroblastic Reticular Cells (FRC),Fibroblastic Reticular Cells (FRC),segment,,colon
,6,False,0.0,Fibroblastic Reticular Cells (FRC),Fibroblastic Reticular Cells (FRC),segment,,duodenum
,71,0,0.0,Fibroblastic Reticular Cells (FRC),Fibroblastic Reticular Cells (FRC),segment,,ileum
,9,0,0.0,Fibroblastic Reticular Cells (FRC),Fibroblastic Reticular Cells (FRC),segment,,jejunum
full_thickness,8,0,0.0,Fibroblastic Reticular Cells (FRC),Fibroblastic Reticular Cells (FRC),segment×depth,,colon
not_full_thickness,34,0,0.0,Fibroblastic Reticular Cells (FRC),Fibroblastic Reticular Cells (FRC),segment×depth,,colon
full_thickness,2,False,0.0,Fibroblastic Reticular Cells (FRC),Fibroblastic Reticular Cells (FRC),segment×depth,,duodenum
not_full_thickness,4,0,0.0,Fibroblastic Reticular Cells (FRC),Fibroblastic Reticular Cells (FRC),segment×depth,,duodenum
full_thickness,8,0,0.0,Fibroblastic Reticular Cells (FRC),Fibroblastic Reticular Cells (FRC),segment×depth,,ileum
not_full_thickness,63,0,0.0,Fibroblastic Reticular Cells (FRC),Fibroblastic Reticular Cells (FRC),segment×depth,,ileum
full_thickness,1,False,0.0,Fibroblastic Reticular Cells (FRC),Fibroblastic Reticular Cells (FRC),segment×depth,,jejunum
not_full_thickness,8,0,0.0,Fibroblastic Reticular Cells (FRC),Fibroblastic Reticular Cells (FRC),segment×depth,,jejunum
,15,0,0.0,Fibroblastic Reticular Cells (FRC),Fibroblastic Reticular Cells (FRC),segment×radial_layer,EPI,colon
,9,0,0.0,Fibroblastic Reticular Cells (FRC),Fibroblastic Reticular Cells (FRC),segment×radial_layer,EPI_LP,colon
,8,0,0.0,Fibroblastic Reticular Cells (FRC),Fibroblastic Reticular Cells (FRC),segment×radial_layer,EPI_LP_MUSC,colon
,5,0,0.0,Fibroblastic Reticular Cells (FRC),Fibroblastic Reticular Cells (FRC),segment×radial_layer,LP,colon
,5,0,0.0,Fibroblastic Reticular Cells (FRC),Fibroblastic Reticular Cells (FRC),segment×radial_layer,WM,colon
,2,0,0.0,Fibroblastic Reticular Cells (FRC),Fibroblastic Reticular Cells (FRC),segment×radial_layer,EPI,duodenum
,2,0,0.0,Fibroblastic Reticular Cells (FRC),Fibroblastic Reticular Cells (FRC),segment×radial_layer,EPI_LP,duodenum
,2,False,0.0,Fibroblastic Reticular Cells (FRC),Fibroblastic Reticular Cells (FRC),segment×radial_layer,EPI_LP_MUSC,duodenum
,9,0,0.0,Fibroblastic Reticular Cells (FRC),Fibroblastic Reticular Cells (FRC),segment×radial_layer,EPI,ileum
,25,0,0.0,Fibroblastic Reticular Cells (FRC),Fibroblastic Reticular Cells (FRC),segment×radial_layer,EPI_LP,ileum
,8,0,0.0,Fibroblastic Reticular Cells (FRC),Fibroblastic Reticular Cells (FRC),segment×radial_layer,EPI_LP_MUSC,ileum
,22,0,0.0,Fibroblastic Reticular Cells (FRC),Fibroblastic Reticular Cells (FRC),segment×radial_layer,LP,ileum
,7,0,0.0,Fibroblastic Reticular Cells (FRC),Fibroblastic Reticular Cells (FRC),segment×radial_layer,WM,ileum
,2,0,0.0,Fibroblastic Reticular Cells (FRC),Fibroblastic Reticular Cells (FRC),segment×radial_layer,EPI,jejunum
,1,False,0.0,Fibroblastic Reticular Cells (FRC),Fibroblastic Reticular Cells (FRC),segment×radial_layer,EPI_LP_MUSC,jejunum
,6,0,0.0,Fibroblastic Reticular Cells (FRC),Fibroblastic Reticular Cells (FRC),segment×radial_layer,LP,jejunum
full_thickness,19,0,0.0,Follicle Associated Resident Macrophages,FARM,depth,,
not_full_thickness,109,1,0.009174311926605505,Follicle Associated Resident Macrophages,FARM,depth,,
,28,0,0.0,Follicle Associated Resident Macrophages,FARM,radial_layer,EPI,
,36,0,0.0,Follicle Associated Resident Macrophages,FARM,radial_layer,EPI_LP,
,19,0,0.0,Follicle Associated Resident Macrophages,FARM,radial_layer,EPI_LP_MUSC,
,33,1,0.030303030303030304,Follicle Associated Resident Macrophages,FARM,radial_layer,LP,
,12,0,0.0,Follicle Associated Resident Macrophages,FARM,radial_layer,WM,
,42,0,0.0,Follicle Associated Resident Macrophages,FARM,segment,,colon
,6,False,0.0,Follicle Associated Resident Macrophages,FARM,segment,,duodenum
,71,1,0.014084507042253521,Follicle Associated Resident Macrophages,FARM,segment,,ileum
,9,0,0.0,Follicle Associated Resident Macrophages,FARM,segment,,jejunum
full_thickness,8,0,0.0,Follicle Associated Resident Macrophages,FARM,segment×depth,,colon
not_full_thickness,34,0,0.0,Follicle Associated Resident Macrophages,FARM,segment×depth,,colon
full_thickness,2,False,0.0,Follicle Associated Resident Macrophages,FARM,segment×depth,,duodenum
not_full_thickness,4,0,0.0,Follicle Associated Resident Macrophages,FARM,segment×depth,,duodenum
full_thickness,8,0,0.0,Follicle Associated Resident Macrophages,FARM,segment×depth,,ileum
not_full_thickness,63,1,0.015873015873015872,Follicle Associated Resident Macrophages,FARM,segment×depth,,ileum
full_thickness,1,False,0.0,Follicle Associated Resident Macrophages,FARM,segment×depth,,jejunum
not_full_thickness,8,0,0.0,Follicle Associated Resident Macrophages,FARM,segment×depth,,jejunum
,15,0,0.0,Follicle Associated Resident Macrophages,FARM,segment×radial_layer,EPI,colon
,9,0,0.0,Follicle Associated Resident Macrophages,FARM,segment×radial_layer,EPI_LP,colon
,8,0,0.0,Follicle Associated Resident Macrophages,FARM,segment×radial_layer,EPI_LP_MUSC,colon
,5,0,0.0,Follicle Associated Resident Macrophages,FARM,segment×radial_layer,LP,colon
,5,0,0.0,Follicle Associated Resident Macrophages,FARM,segment×radial_layer,WM,colon
,2,0,0.0,Follicle Associated Resident Macrophages,FARM,segment×radial_layer,EPI,duodenum
,2,0,0.0,Follicle Associated Resident Macrophages,FARM,segment×radial_layer,EPI_LP,duodenum
,2,False,0.0,Follicle Associated Resident Macrophages,FARM,segment×radial_layer,EPI_LP_MUSC,duodenum
,9,0,0.0,Follicle Associated Resident Macrophages,FARM,segment×radial_layer,EPI,ileum
,25,0,0.0,Follicle Associated Resident Macrophages,FARM,segment×radial_layer,EPI_LP,ileum
,8,0,0.0,Follicle Associated Resident Macrophages,FARM,segment×radial_layer,EPI_LP_MUSC,ileum
,22,1,0.045454545454545456,Follicle Associated Resident Macrophages,FARM,segment×radial_layer,LP,ileum
,7,0,0.0,Follicle Associated Resident Macrophages,FARM,segment×radial_layer,WM,ileum
,2,0,0.0,Follicle Associated Resident Macrophages,FARM,segment×radial_layer,EPI,jejunum
,1,False,0.0,Follicle Associated Resident Macrophages,FARM,segment×radial_layer,EPI_LP_MUSC,jejunum
,6,0,0.0,Follicle Associated Resident Macrophages,FARM,segment×radial_layer,LP,jejunum
full_thickness,19,0,0.0,Follicular Dendritic Cells (fDC),Follicular Dendritic Cells (fDC),depth,,
not_full_thickness,109,0,0.0,Follicular Dendritic Cells (fDC),Follicular Dendritic Cells (fDC),depth,,
,28,0,0.0,Follicular Dendritic Cells (fDC),Follicular Dendritic Cells (fDC),radial_layer,EPI,
,36,0,0.0,Follicular Dendritic Cells (fDC),Follicular Dendritic Cells (fDC),radial_layer,EPI_LP,
,19,0,0.0,Follicular Dendritic Cells (fDC),Follicular Dendritic Cells (fDC),radial_layer,EPI_LP_MUSC,
,33,0,0.0,Follicular Dendritic Cells (fDC),Follicular Dendritic Cells (fDC),radial_layer,LP,
,12,0,0.0,Follicular Dendritic Cells (fDC),Follicular Dendritic Cells (fDC),radial_layer,WM,
,42,0,0.0,Follicular Dendritic Cells (fDC),Follicular Dendritic Cells (fDC),segment,,colon
,6,False,0.0,Follicular Dendritic Cells (fDC),Follicular Dendritic Cells (fDC),segment,,duodenum
,71,0,0.0,Follicular Dendritic Cells (fDC),Follicular Dendritic Cells (fDC),segment,,ileum
,9,0,0.0,Follicular Dendritic Cells (fDC),Follicular Dendritic Cells (fDC),segment,,jejunum
full_thickness,8,0,0.0,Follicular Dendritic Cells (fDC),Follicular Dendritic Cells (fDC),segment×depth,,colon
not_full_thickness,34,0,0.0,Follicular Dendritic Cells (fDC),Follicular Dendritic Cells (fDC),segment×depth,,colon
full_thickness,2,False,0.0,Follicular Dendritic Cells (fDC),Follicular Dendritic Cells (fDC),segment×depth,,duodenum
not_full_thickness,4,0,0.0,Follicular Dendritic Cells (fDC),Follicular Dendritic Cells (fDC),segment×depth,,duodenum
full_thickness,8,0,0.0,Follicular Dendritic Cells (fDC),Follicular Dendritic Cells (fDC),segment×depth,,ileum
not_full_thickness,63,0,0.0,Follicular Dendritic Cells (fDC),Follicular Dendritic Cells (fDC),segment×depth,,ileum
full_thickness,1,False,0.0,Follicular Dendritic Cells (fDC),Follicular Dendritic Cells (fDC),segment×depth,,jejunum
not_full_thickness,8,0,0.0,Follicular Dendritic Cells (fDC),Follicular Dendritic Cells (fDC),segment×depth,,jejunum
,15,0,0.0,Follicular Dendritic Cells (fDC),Follicular Dendritic Cells (fDC),segment×radial_layer,EPI,colon
,9,0,0.0,Follicular Dendritic Cells (fDC),Follicular Dendritic Cells (fDC),segment×radial_layer,EPI_LP,colon
,8,0,0.0,Follicular Dendritic Cells (fDC),Follicular Dendritic Cells (fDC),segment×radial_layer,EPI_LP_MUSC,colon
,5,0,0.0,Follicular Dendritic Cells (fDC),Follicular Dendritic Cells (fDC),segment×radial_layer,LP,colon
,5,0,0.0,Follicular Dendritic Cells (fDC),Follicular Dendritic Cells (fDC),segment×radial_layer,WM,colon
,2,0,0.0,Follicular Dendritic Cells (fDC),Follicular Dendritic Cells (fDC),segment×radial_layer,EPI,duodenum
,2,0,0.0,Follicular Dendritic Cells (fDC),Follicular Dendritic Cells (fDC),segment×radial_layer,EPI_LP,duodenum
,2,False,0.0,Follicular Dendritic Cells (fDC),Follicular Dendritic Cells (fDC),segment×radial_layer,EPI_LP_MUSC,duodenum
,9,0,0.0,Follicular Dendritic Cells (fDC),Follicular Dendritic Cells (fDC),segment×radial_layer,EPI,ileum
,25,0,0.0,Follicular Dendritic Cells (fDC),Follicular Dendritic Cells (fDC),segment×radial_layer,EPI_LP,ileum
,8,0,0.0,Follicular Dendritic Cells (fDC),Follicular Dendritic Cells (fDC),segment×radial_layer,EPI_LP_MUSC,ileum
,22,0,0.0,Follicular Dendritic Cells (fDC),Follicular Dendritic Cells (fDC),segment×radial_layer,LP,ileum
,7,0,0.0,Follicular Dendritic Cells (fDC),Follicular Dendritic Cells (fDC),segment×radial_layer,WM,ileum
,2,0,0.0,Follicular Dendritic Cells (fDC),Follicular Dendritic Cells (fDC),segment×radial_layer,EPI,jejunum
,1,False,0.0,Follicular Dendritic Cells (fDC),Follicular Dendritic Cells (fDC),segment×radial_layer,EPI_LP_MUSC,jejunum
,6,0,0.0,Follicular Dendritic Cells (fDC),Follicular Dendritic Cells (fDC),segment×radial_layer,LP,jejunum
full_thickness,19,1,0.05263157894736842,GC B Dark Zone (GC B DZ),GC B Dark Zone (GC B DZ),depth,,
not_full_thickness,109,13,0.11926605504587157,GC B Dark Zone (GC B DZ),GC B Dark Zone (GC B DZ),depth,,
,28,2,0.07142857142857142,GC B Dark Zone (GC B DZ),GC B Dark Zone (GC B DZ),radial_layer,EPI,
,36,6,0.16666666666666666,GC B Dark Zone (GC B DZ),GC B Dark Zone (GC B DZ),radial_layer,EPI_LP,
,19,1,0.05263157894736842,GC B Dark Zone (GC B DZ),GC B Dark Zone (GC B DZ),radial_layer,EPI_LP_MUSC,
,33,5,0.15151515151515152,GC B Dark Zone (GC B DZ),GC B Dark Zone (GC B DZ),radial_layer,LP,
,12,0,0.0,GC B Dark Zone (GC B DZ),GC B Dark Zone (GC B DZ),radial_layer,WM,
,42,7,0.16666666666666666,GC B Dark Zone (GC B DZ),GC B Dark Zone (GC B DZ),segment,,colon
,6,False,0.0,GC B Dark Zone (GC B DZ),GC B Dark Zone (GC B DZ),segment,,duodenum
,71,7,0.09859154929577464,GC B Dark Zone (GC B DZ),GC B Dark Zone (GC B DZ),segment,,ileum
,9,0,0.0,GC B Dark Zone (GC B DZ),GC B Dark Zone (GC B DZ),segment,,jejunum
full_thickness,8,1,0.125,GC B Dark Zone (GC B DZ),GC B Dark Zone (GC B DZ),segment×depth,,colon
not_full_thickness,34,6,0.17647058823529413,GC B Dark Zone (GC B DZ),GC B Dark Zone (GC B DZ),segment×depth,,colon
full_thickness,2,False,0.0,GC B Dark Zone (GC B DZ),GC B Dark Zone (GC B DZ),segment×depth,,duodenum
not_full_thickness,4,0,0.0,GC B Dark Zone (GC B DZ),GC B Dark Zone (GC B DZ),segment×depth,,duodenum
full_thickness,8,0,0.0,GC B Dark Zone (GC B DZ),GC B Dark Zone (GC B DZ),segment×depth,,ileum
not_full_thickness,63,7,0.1111111111111111,GC B Dark Zone (GC B DZ),GC B Dark Zone (GC B DZ),segment×depth,,ileum
full_thickness,1,False,0.0,GC B Dark Zone (GC B DZ),GC B Dark Zone (GC B DZ),segment×depth,,jejunum
not_full_thickness,8,0,0.0,GC B Dark Zone (GC B DZ),GC B Dark Zone (GC B DZ),segment×depth,,jejunum
,15,1,0.06666666666666667,GC B Dark Zone (GC B DZ),GC B Dark Zone (GC B DZ),segment×radial_layer,EPI,colon
,9,3,0.3333333333333333,GC B Dark Zone (GC B DZ),GC B Dark Zone (GC B DZ),segment×radial_layer,EPI_LP,colon
,8,1,0.125,GC B Dark Zone (GC B DZ),GC B Dark Zone (GC B DZ),segment×radial_layer,EPI_LP_MUSC,colon
,5,2,0.4,GC B Dark Zone (GC B DZ),GC B Dark Zone (GC B DZ),segment×radial_layer,LP,colon
,5,0,0.0,GC B Dark Zone (GC B DZ),GC B Dark Zone (GC B DZ),segment×radial_layer,WM,colon
,2,0,0.0,GC B Dark Zone (GC B DZ),GC B Dark Zone (GC B DZ),segment×radial_layer,EPI,duodenum
,2,0,0.0,GC B Dark Zone (GC B DZ),GC B Dark Zone (GC B DZ),segment×radial_layer,EPI_LP,duodenum
,2,False,0.0,GC B Dark Zone (GC B DZ),GC B Dark Zone (GC B DZ),segment×radial_layer,EPI_LP_MUSC,duodenum
,9,1,0.1111111111111111,GC B Dark Zone (GC B DZ),GC B Dark Zone (GC B DZ),segment×radial_layer,EPI,ileum
,25,3,0.12,GC B Dark Zone (GC B DZ),GC B Dark Zone (GC B DZ),segment×radial_layer,EPI_LP,ileum
,8,0,0.0,GC B Dark Zone (GC B DZ),GC B Dark Zone (GC B DZ),segment×radial_layer,EPI_LP_MUSC,ileum
,22,3,0.13636363636363635,GC B Dark Zone (GC B DZ),GC B Dark Zone (GC B DZ),segment×radial_layer,LP,ileum
,7,0,0.0,GC B Dark Zone (GC B DZ),GC B Dark Zone (GC B DZ),segment×radial_layer,WM,ileum
,2,0,0.0,GC B Dark Zone (GC B DZ),GC B Dark Zone (GC B DZ),segment×radial_layer,EPI,jejunum
,1,False,0.0,GC B Dark Zone (GC B DZ),GC B Dark Zone (GC B DZ),segment×radial_layer,EPI_LP_MUSC,jejunum
,6,0,0.0,GC B Dark Zone (GC B DZ),GC B Dark Zone (GC B DZ),segment×radial_layer,LP,jejunum
full_thickness,19,1,0.05263157894736842,GC B Light Zone (GC B LZ),GC B Light Zone (GC B LZ),depth,,
not_full_thickness,109,13,0.11926605504587157,GC B Light Zone (GC B LZ),GC B Light Zone (GC B LZ),depth,,
,28,2,0.07142857142857142,GC B Light Zone (GC B LZ),GC B Light Zone (GC B LZ),radial_layer,EPI,
,36,8,0.2222222222222222,GC B Light Zone (GC B LZ),GC B Light Zone (GC B LZ),radial_layer,EPI_LP,
,19,1,0.05263157894736842,GC B Light Zone (GC B LZ),GC B Light Zone (GC B LZ),radial_layer,EPI_LP_MUSC,
,33,3,0.09090909090909091,GC B Light Zone (GC B LZ),GC B Light Zone (GC B LZ),radial_layer,LP,
,12,0,0.0,GC B Light Zone (GC B LZ),GC B Light Zone (GC B LZ),radial_layer,WM,
,42,6,0.14285714285714285,GC B Light Zone (GC B LZ),GC B Light Zone (GC B LZ),segment,,colon
,6,False,0.0,GC B Light Zone (GC B LZ),GC B Light Zone (GC B LZ),segment,,duodenum
,71,8,0.11267605633802817,GC B Light Zone (GC B LZ),GC B Light Zone (GC B LZ),segment,,ileum
,9,0,0.0,GC B Light Zone (GC B LZ),GC B Light Zone (GC B LZ),segment,,jejunum
full_thickness,8,1,0.125,GC B Light Zone (GC B LZ),GC B Light Zone (GC B LZ),segment×depth,,colon
not_full_thickness,34,5,0.14705882352941177,GC B Light Zone (GC B LZ),GC B Light Zone (GC B LZ),segment×depth,,colon
full_thickness,2,False,0.0,GC B Light Zone (GC B LZ),GC B Light Zone (GC B LZ),segment×depth,,duodenum
not_full_thickness,4,0,0.0,GC B Light Zone (GC B LZ),GC B Light Zone (GC B LZ),segment×depth,,duodenum
full_thickness,8,0,0.0,GC B Light Zone (GC B LZ),GC B Light Zone (GC B LZ),segment×depth,,ileum
not_full_thickness,63,8,0.12698412698412698,GC B Light Zone (GC B LZ),GC B Light Zone (GC B LZ),segment×depth,,ileum
full_thickness,1,False,0.0,GC B Light Zone (GC B LZ),GC B Light Zone (GC B LZ),segment×depth,,jejunum
not_full_thickness,8,0,0.0,GC B Light Zone (GC B LZ),GC B Light Zone (GC B LZ),segment×depth,,jejunum
,15,1,0.06666666666666667,GC B Light Zone (GC B LZ),GC B Light Zone (GC B LZ),segment×radial_layer,EPI,colon
,9,4,0.4444444444444444,GC B Light Zone (GC B LZ),GC B Light Zone (GC B LZ),segment×radial_layer,EPI_LP,colon
,8,1,0.125,GC B Light Zone (GC B LZ),GC B Light Zone (GC B LZ),segment×radial_layer,EPI_LP_MUSC,colon
,5,0,0.0,GC B Light Zone (GC B LZ),GC B Light Zone (GC B LZ),segment×radial_layer,LP,colon
,5,0,0.0,GC B Light Zone (GC B LZ),GC B Light Zone (GC B LZ),segment×radial_layer,WM,colon
,2,0,0.0,GC B Light Zone (GC B LZ),GC B Light Zone (GC B LZ),segment×radial_layer,EPI,duodenum
,2,0,0.0,GC B Light Zone (GC B LZ),GC B Light Zone (GC B LZ),segment×radial_layer,EPI_LP,duodenum
,2,False,0.0,GC B Light Zone (GC B LZ),GC B Light Zone (GC B LZ),segment×radial_layer,EPI_LP_MUSC,duodenum
,9,1,0.1111111111111111,GC B Light Zone (GC B LZ),GC B Light Zone (GC B LZ),segment×radial_layer,EPI,ileum
,25,4,0.16,GC B Light Zone (GC B LZ),GC B Light Zone (GC B LZ),segment×radial_layer,EPI_LP,ileum
,8,0,0.0,GC B Light Zone (GC B LZ),GC B Light Zone (GC B LZ),segment×radial_layer,EPI_LP_MUSC,ileum
,22,3,0.13636363636363635,GC B Light Zone (GC B LZ),GC B Light Zone (GC B LZ),segment×radial_layer,LP,ileum
,7,0,0.0,GC B Light Zone (GC B LZ),GC B Light Zone (GC B LZ),segment×radial_layer,WM,ileum
,2,0,0.0,GC B Light Zone (GC B LZ),GC B Light Zone (GC B LZ),segment×radial_layer,EPI,jejunum
,1,False,0.0,GC B Light Zone (GC B LZ),GC B Light Zone (GC B LZ),segment×radial_layer,EPI_LP_MUSC,jejunum
,6,0,0.0,GC B Light Zone (GC B LZ),GC B Light Zone (GC B LZ),segment×radial_layer,LP,jejunum
full_thickness,19,0,0.0,Mesenchymal Lymphoid Tissue Organizer Cells (mLTo Cells),Mesenchymal Lymphoid Tissue Organizer Cells (mLTo Cells),depth,,
not_full_thickness,109,0,0.0,Mesenchymal Lymphoid Tissue Organizer Cells (mLTo Cells),Mesenchymal Lymphoid Tissue Organizer Cells (mLTo Cells),depth,,
,28,0,0.0,Mesenchymal Lymphoid Tissue Organizer Cells (mLTo Cells),Mesenchymal Lymphoid Tissue Organizer Cells (mLTo Cells),radial_layer,EPI,
,36,0,0.0,Mesenchymal Lymphoid Tissue Organizer Cells (mLTo Cells),Mesenchymal Lymphoid Tissue Organizer Cells (mLTo Cells),radial_layer,EPI_LP,
,19,0,0.0,Mesenchymal Lymphoid Tissue Organizer Cells (mLTo Cells),Mesenchymal Lymphoid Tissue Organizer Cells (mLTo Cells),radial_layer,EPI_LP_MUSC,
,33,0,0.0,Mesenchymal Lymphoid Tissue Organizer Cells (mLTo Cells),Mesenchymal Lymphoid Tissue Organizer Cells (mLTo Cells),radial_layer,LP,
,12,0,0.0,Mesenchymal Lymphoid Tissue Organizer Cells (mLTo Cells),Mesenchymal Lymphoid Tissue Organizer Cells (mLTo Cells),radial_layer,WM,
,42,0,0.0,Mesenchymal Lymphoid Tissue Organizer Cells (mLTo Cells),Mesenchymal Lymphoid Tissue Organizer Cells (mLTo Cells),segment,,colon
,6,False,0.0,Mesenchymal Lymphoid Tissue Organizer Cells (mLTo Cells),Mesenchymal Lymphoid Tissue Organizer Cells (mLTo Cells),segment,,duodenum
,71,0,0.0,Mesenchymal Lymphoid Tissue Organizer Cells (mLTo Cells),Mesenchymal Lymphoid Tissue Organizer Cells (mLTo Cells),segment,,ileum
,9,0,0.0,Mesenchymal Lymphoid Tissue Organizer Cells (mLTo Cells),Mesenchymal Lymphoid Tissue Organizer Cells (mLTo Cells),segment,,jejunum
full_thickness,8,0,0.0,Mesenchymal Lymphoid Tissue Organizer Cells (mLTo Cells),Mesenchymal Lymphoid Tissue Organizer Cells (mLTo Cells),segment×depth,,colon
not_full_thickness,34,0,0.0,Mesenchymal Lymphoid Tissue Organizer Cells (mLTo Cells),Mesenchymal Lymphoid Tissue Organizer Cells (mLTo Cells),segment×depth,,colon
full_thickness,2,False,0.0,Mesenchymal Lymphoid Tissue Organizer Cells (mLTo Cells),Mesenchymal Lymphoid Tissue Organizer Cells (mLTo Cells),segment×depth,,duodenum
not_full_thickness,4,0,0.0,Mesenchymal Lymphoid Tissue Organizer Cells (mLTo Cells),Mesenchymal Lymphoid Tissue Organizer Cells (mLTo Cells),segment×depth,,duodenum
full_thickness,8,0,0.0,Mesenchymal Lymphoid Tissue Organizer Cells (mLTo Cells),Mesenchymal Lymphoid Tissue Organizer Cells (mLTo Cells),segment×depth,,ileum
not_full_thickness,63,0,0.0,Mesenchymal Lymphoid Tissue Organizer Cells (mLTo Cells),Mesenchymal Lymphoid Tissue Organizer Cells (mLTo Cells),segment×depth,,ileum
full_thickness,1,False,0.0,Mesenchymal Lymphoid Tissue Organizer Cells (mLTo Cells),Mesenchymal Lymphoid Tissue Organizer Cells (mLTo Cells),segment×depth,,jejunum
not_full_thickness,8,0,0.0,Mesenchymal Lymphoid Tissue Organizer Cells (mLTo Cells),Mesenchymal Lymphoid Tissue Organizer Cells (mLTo Cells),segment×depth,,jejunum
,15,0,0.0,Mesenchymal Lymphoid Tissue Organizer Cells (mLTo Cells),Mesenchymal Lymphoid Tissue Organizer Cells (mLTo Cells),segment×radial_layer,EPI,colon
,9,0,0.0,Mesenchymal Lymphoid Tissue Organizer Cells (mLTo Cells),Mesenchymal Lymphoid Tissue Organizer Cells (mLTo Cells),segment×radial_layer,EPI_LP,colon
,8,0,0.0,Mesenchymal Lymphoid Tissue Organizer Cells (mLTo Cells),Mesenchymal Lymphoid Tissue Organizer Cells (mLTo Cells),segment×radial_layer,EPI_LP_MUSC,colon
,5,0,0.0,Mesenchymal Lymphoid Tissue Organizer Cells (mLTo Cells),Mesenchymal Lymphoid Tissue Organizer Cells (mLTo Cells),segment×radial_layer,LP,colon
,5,0,0.0,Mesenchymal Lymphoid Tissue Organizer Cells (mLTo Cells),Mesenchymal Lymphoid Tissue Organizer Cells (mLTo Cells),segment×radial_layer,WM,colon
,2,0,0.0,Mesenchymal Lymphoid Tissue Organizer Cells (mLTo Cells),Mesenchymal Lymphoid Tissue Organizer Cells (mLTo Cells),segment×radial_layer,EPI,duodenum
,2,0,0.0,Mesenchymal Lymphoid Tissue Organizer Cells (mLTo Cells),Mesenchymal Lymphoid Tissue Organizer Cells (mLTo Cells),segment×radial_layer,EPI_LP,duodenum
,2,False,0.0,Mesenchymal Lymphoid Tissue Organizer Cells (mLTo Cells),Mesenchymal Lymphoid Tissue Organizer Cells (mLTo Cells),segment×radial_layer,EPI_LP_MUSC,duodenum
,9,0,0.0,Mesenchymal Lymphoid Tissue Organizer Cells (mLTo Cells),Mesenchymal Lymphoid Tissue Organizer Cells (mLTo Cells),segment×radial_layer,EPI,ileum
,25,0,0.0,Mesenchymal Lymphoid Tissue Organizer Cells (mLTo Cells),Mesenchymal Lymphoid Tissue Organizer Cells (mLTo Cells),segment×radial_layer,EPI_LP,ileum
,8,0,0.0,Mesenchymal Lymphoid Tissue Organizer Cells (mLTo Cells),Mesenchymal Lymphoid Tissue Organizer Cells (mLTo Cells),segment×radial_layer,EPI_LP_MUSC,ileum
,22,0,0.0,Mesenchymal Lymphoid Tissue Organizer Cells (mLTo Cells),Mesenchymal Lymphoid Tissue Organizer Cells (mLTo Cells),segment×radial_layer,LP,ileum
,7,0,0.0,Mesenchymal Lymphoid Tissue Organizer Cells (mLTo Cells),Mesenchymal Lymphoid Tissue Organizer Cells (mLTo Cells),segment×radial_layer,WM,ileum
,2,0,0.0,Mesenchymal Lymphoid Tissue Organizer Cells (mLTo Cells),Mesenchymal Lymphoid Tissue Organizer Cells (mLTo Cells),segment×radial_layer,EPI,jejunum
,1,False,0.0,Mesenchymal Lymphoid Tissue Organizer Cells (mLTo Cells),Mesenchymal Lymphoid Tissue Organizer Cells (mLTo Cells),segment×radial_layer,EPI_LP_MUSC,jejunum
,6,0,0.0,Mesenchymal Lymphoid Tissue Organizer Cells (mLTo Cells),Mesenchymal Lymphoid Tissue Organizer Cells (mLTo Cells),segment×radial_layer,LP,jejunum
