Disease,predicted_Prelim_annotation,n,mean,median,std,p10,p25,p75,p90
Healthy,Plasma IGA,9789,0.45005474535852824,0.45120078325271606,0.15641880004715797,0.24576744735240938,0.3382822871208191,0.5659835934638977,0.657024884223938
Healthy,Colonocytes,4857,0.7765723369127442,0.6933473348617554,0.479440684661091,0.23575538992881775,0.4063166677951813,1.0445516109466553,1.4528515577316286
Healthy,Enterocytes Late,4461,0.2833681397002864,0.14056621491909027,0.3337860513623658,0.01965521089732647,0.04792061820626259,0.41098132729530334,0.7611334323883057
Healthy,Absorptive TA,3609,0.7829059579374306,0.7652543187141418,0.4082436467622999,0.2656182587146759,0.45153698325157166,1.042677402496338,1.3349455118179323
Healthy,Fibroblasts Lamina propria (S1),3359,0.1436615018215988,0.024906715378165245,0.26125545267831596,0.003154820250347257,0.006936682621017098,0.1434101238846779,0.5055525183677675
Healthy,CD4 Naive,3138,0.6867034263799645,0.6238089203834534,0.44604134306154436,0.16893051564693454,0.33430134505033493,0.9160879105329514,1.3589584469795228
Healthy,Colonocytes Early,2955,0.893686241582162,0.8203388452529907,0.41025536650908195,0.40142869353294375,0.6004567742347717,1.1339524984359741,1.4863324403762814
Healthy,Epithelial Stem Cells (LGR5+),2016,0.6626396495475857,0.5515069365501404,0.5598548921187346,0.04344486445188522,0.15546417608857155,1.0202334821224213,1.5106308460235596
Healthy,Colonocytes Late,1585,0.25480417540849243,0.09428228437900543,0.31435425461631783,0.008816918917000293,0.021797718480229378,0.43656256794929504,0.736346995830536
Healthy,Plasma Cells,1327,0.6141252214343097,0.6330618262290955,0.23968470347194518,0.31850587129592894,0.483282133936882,0.6942874789237976,0.7844913840293884
Healthy,CD8 Circulating Effector/Memory,1169,0.740714059850652,0.6668985486030579,0.5650525113463906,0.06059419885277748,0.200717955827713,1.190109133720398,1.548878788948059
Healthy,vascular endothelial Arteriolar,1163,0.2753290769308549,0.11806429922580719,0.3373210507745482,0.01912604607641697,0.038636745885014534,0.41997700929641724,0.7900076031684874
Healthy,Fibroblasts Crypt Bottom (S2A),992,0.16837186252904934,0.009623019024729729,0.3654345010228055,0.0015133260982111098,0.0030185197829268873,0.0837617851793766,0.6924898564815519
Healthy,CD4 Th17,894,0.5892344268931646,0.590350866317749,0.35537391017208386,0.1502301797270775,0.32185088843107224,0.7546658366918564,0.9982526004314424
Healthy,CD8 TRM,801,1.0828233140424248,1.1180979013442993,0.43498960781497187,0.4744628965854645,0.7578315734863281,1.425411343574524,1.6436208486557007
Healthy,Colonocytes BEST4,787,0.5737610529596991,0.45331165194511414,0.4803792968630616,0.06349964737892151,0.15434304624795914,0.8915664255619049,1.2919983148574827
Healthy,Cycling TA,708,0.9269847030314685,0.9088686108589172,0.405860700222771,0.4029930382966995,0.6184064298868179,1.198472112417221,1.451714813709259
Healthy,Transiently Amplifying Cells (TA),650,0.914423783103434,0.9722936153411865,0.5766549425666281,0.07271114513278011,0.41283906251192093,1.3353535532951355,1.6630377888679506
Healthy,CD8 Effector/Memory,647,0.913804008220963,0.9080014824867249,0.5120791413244096,0.23814089000225067,0.48016031086444855,1.327724277973175,1.6030671358108517
Healthy,Fibroblasts Subserosal,577,0.28995802083683797,0.14765715599060059,0.309382463366286,0.010496234521269798,0.030924387276172638,0.5226295590400696,0.7325519323348999
Healthy,CD8 IEL,506,0.6494761411884704,0.5237172544002533,0.5369136662167283,0.0781610757112503,0.189993254840374,0.9804755449295044,1.479538083076477
Healthy,Glia Myenteric Plexus / Type I,498,0.6096428511552063,0.6379328966140747,0.28582177490259214,0.22583101242780687,0.3943518027663231,0.771304726600647,0.9536566734313965
Healthy,EEC Enterochromaffin Cells,497,0.4822037100241008,0.14665132761001587,0.6392916095078514,0.021164539083838464,0.05635657161474228,0.6879745721817017,1.6407605409622201
Healthy,Enterocytes,464,1.2329068626116575,1.1350314021110535,0.4927510779406925,0.6638684213161469,0.8216716796159744,1.6346766352653503,1.9397749185562132
Healthy,Plasma IGG,423,0.4855087041088664,0.3866998851299286,0.3331126623453187,0.0956576555967331,0.18923617899417877,0.7827378511428833,1.0081457614898683
Healthy,Glia Extra-Ganglionic,408,0.6545794566764551,0.6461490094661713,0.3084956390038057,0.2825317591428757,0.43343017250299454,0.8045031428337097,1.0123716831207277
Healthy,CD4 Treg,407,0.5426594777277577,0.36025121808052063,0.5074561913093814,0.04365360289812088,0.12202823162078857,0.8665300011634827,1.3389493703842166
Healthy,Macrophages Tissue Resident,397,0.22686735098931987,0.06371277570724487,0.3092303679855137,0.0057164947502315044,0.012438325211405754,0.3793635666370392,0.6899484992027287
Healthy,Follicle associated enterocyte (FAE),337,0.877301491664319,0.7810178399085999,0.44599547502160825,0.33192262053489685,0.5656570196151733,1.1192519664764404,1.507718324661255
Healthy,vascular endothelial Venular,329,0.24866088088085211,0.07343712449073792,0.36754809958598694,0.005202318076044322,0.013800070621073246,0.30885404348373413,0.8445258259773252
Healthy,Enterocytes Early,316,0.8776630042533425,0.804695188999176,0.4955672894013303,0.29105721414089203,0.5180612057447433,1.1177927553653717,1.65199875831604
Healthy,Secretory Goblet Cells,263,0.5181969753559502,0.18700630962848663,0.6314710411164814,0.00900382436811924,0.028572067618370056,0.9286534488201141,1.5683660030364992
Healthy,CD4 Tfh,250,1.0125797327458859,1.0461595058441162,0.41147048844092793,0.4847452014684677,0.6912194043397903,1.3006471991539001,1.538362979888916
Healthy,DC cDC2,249,0.23153975318526349,0.09460243582725525,0.27063812095915896,0.014182430505752564,0.029835639521479607,0.37504634261131287,0.664505660533905
Healthy,Secretory Tuft Cells,242,0.24063201091821837,0.02477305755019188,0.474258258919501,0.0026907757855951786,0.007141703739762306,0.17205779254436493,0.8554970324039463
Healthy,vascular endothelial Pre venule capillary (PVC),236,0.3269705440793818,0.18726538121700287,0.3390819304610678,0.023279361426830292,0.06165704317390919,0.5395010113716125,0.7753750383853912
Healthy,Pericytes Angiogenic,208,0.5973477358571612,0.4679570943117142,0.47707135249022015,0.09525849446654322,0.1656109131872654,0.9389911741018295,1.3850453972816468
Healthy,Fibroblasts Subepithelial (S2),192,0.43180192811026546,0.38523148000240326,0.2817347455129649,0.11988252922892571,0.18391936272382736,0.6208400279283524,0.7732414722442628
Healthy,Smooth Muscle Cells (SMC),179,0.2088538945819038,0.039306242018938065,0.36125745667591025,0.003225618740543723,0.008219860028475523,0.20207952708005905,0.7163796544075013
Healthy,Granulocytes Mast Cells,154,0.018102444090906722,0.0007887359242886305,0.08414140967102603,0.00017651124071562665,0.0003593127112253569,0.0030097797280177474,0.01727024056017399
Healthy,ILC NK Cells,149,0.4835563686195036,0.40201693773269653,0.3264068939552799,0.11973826885223389,0.24819418787956238,0.6854854226112366,0.8963941097259525
Healthy,Glia Mucosal/Type III,147,0.7751654185810868,0.7455264329910278,0.3085711220509573,0.38870410323143006,0.5421810150146484,0.9730319976806641,1.2427431583404542
Healthy,EEC L Cells (PYY+),111,0.8593708150558643,0.806077241897583,0.39831394871966547,0.3828568756580353,0.6064372360706329,1.053530752658844,1.3155008554458618
Healthy,Microfold Cells (M Cells),102,0.96361470339345,0.9688828587532043,0.48080342974267,0.29874363839626317,0.6254350244998932,1.3049521744251251,1.5432323813438416
Healthy,Enterocytes BEST4,101,0.6276052223592259,0.6507794260978699,0.5346194937692091,0.01373825129121542,0.07704511284828186,0.9602979421615601,1.1794785261154175
Healthy,CD4 Memory,95,1.2116910992484344,1.1906358003616333,0.3163763858965001,0.8585399508476257,0.9890009760856628,1.4134480357170105,1.6839829206466679
Healthy,Secretory TA,91,0.9684568666494809,0.9366516470909119,0.3638827092659327,0.5189713835716248,0.6834817826747894,1.2508842945098877,1.4100539684295654
Healthy,CD8 T,90,1.447997737924258,1.5638208389282227,0.4141718833396836,0.8802814841270448,1.2457508444786072,1.7306073904037476,1.8446668148040777
Healthy,Fibroblasts Crypt Top (S2B),89,0.551600922380438,0.5661196112632751,0.3137132451967288,0.16189352571964266,0.2582280933856964,0.7288509011268616,0.9911885261535646
Healthy,Monocytes,86,0.32658187878879225,0.09545058757066727,0.46506161960667197,0.0016755129327066243,0.007810512557625771,0.5077037364244461,0.9446211755275726
Healthy,Glia Submucosal Plexus / Type I,69,0.7024086734306985,0.7356330156326294,0.34385985288789844,0.24474314153194426,0.4281652867794037,0.9011018872261047,1.0990526676177979
Healthy,SMC Inner Muscle Cells,68,0.5165161464965957,0.3402547836303711,0.45660041425172637,0.06725984364748001,0.2195427380502224,0.6999481022357941,1.2965231299400335
Healthy,Macrophages M2,60,0.5095832003590961,0.497814416885376,0.3429309503553087,0.08678730875253678,0.20901119336485863,0.688430979847908,1.0132471323013306
Healthy,vascular endothelial Post arteriole capillary (PAC),58,0.6467086125550598,0.6444331705570221,0.33883491424152523,0.19777272492647172,0.3894592300057411,0.8885796517133713,1.062810504436493
Healthy,ILC3,57,0.5923979379105986,0.5998297333717346,0.24684471876209238,0.28286477327346804,0.45820730924606323,0.6864230036735535,0.8339313268661498
Healthy,DC cDC1,51,0.14027086557197274,0.02034001797437668,0.2900038524624896,0.0008782717050053179,0.003101790207438171,0.14895422756671906,0.3642929196357727
Healthy,CD4 Th1,46,1.4951847636181375,1.4590612649917603,0.32657315396105974,1.0720802545547485,1.2343132197856903,1.7448720335960388,1.9067175388336182
Healthy,EEC Progenitor,39,0.9114398421385349,0.8901841640472412,0.544711806223061,0.25890928804874425,0.4629416912794113,1.3679527044296265,1.5630150318145752
Healthy,Pericytes Immature,39,0.7391749226894134,0.7525783181190491,0.35036636401186083,0.3303743898868561,0.431634783744812,0.9253308773040771,1.1312151908874517
Healthy,Fibroblasts Muscularis Propria,35,0.582253988300051,0.6444822549819946,0.31937433411894944,0.11857111603021622,0.24013954401016235,0.7995634973049164,0.9662721991539002
Healthy,Fibroblastic reticular cells,34,0.34532635364517134,0.20102430880069733,0.34167452708947527,0.020036946795880795,0.07258208841085434,0.594244047999382,0.7268099009990692
Healthy,Pericytes Contractile,33,0.7884278627056064,0.712478518486023,0.398590705562539,0.3558106541633606,0.48283281922340393,1.0239378213882446,1.2907059431076051
Healthy,doublet,32,1.1578183937817812,1.2407925128936768,0.5031630188607424,0.4272314518690109,0.7855628281831741,1.570605218410492,1.7426689863204956
Healthy,Glia Intra-Ganglionic,30,0.7877365132172902,0.7547027468681335,0.2707850311590255,0.5591736078262329,0.6552716642618179,0.8097378462553024,1.1432901024818423
Healthy,vascular endothelial Lymphatic,29,0.22053572715757863,0.032771218568086624,0.4246460497788293,0.0030761429108679297,0.005921633914113045,0.20947596430778503,0.6579006314277647
Healthy,Macrophages Cycling,23,0.2860692613353224,0.07110609859228134,0.33701187223144324,0.013643627986311913,0.023592243902385235,0.4660336673259735,0.7280385732650757
Healthy,T GammaDelta,23,1.1020665810160015,1.1906447410583496,0.5076422427986481,0.34400026798248295,0.7847472429275513,1.5504094362258911,1.7074750900268554
Healthy,ILC2,20,0.6426073387265205,0.5727168619632721,0.44051501332190957,0.37231537997722625,0.45054296404123306,0.6658733934164047,0.702462548017502
Healthy,Secretory Paneth Cells,18,0.3009676736110123,0.03947367146611214,0.5359192297233607,0.0001842998404754326,0.0024759262159932405,0.3191113919019699,0.9049249589443212
Healthy,Enteroendocrine Cells (EEC),17,1.5945676600231844,1.693336844444275,0.5784284879335213,0.8180249333381653,1.3211002349853516,1.9287378787994385,2.2269381999969484
Healthy,EEC S Cells (SCT+),15,0.6495177348454794,0.5315670371055603,0.508913736753389,0.3096766471862793,0.37914472818374634,0.6638849675655365,0.9329811334609984
Healthy,"DC Monocyte derived dendritic cell
(MO DC)",13,0.8661203132225916,0.8041762709617615,0.4775123384495994,0.3660330593585968,0.49320414662361145,1.1382018327713013,1.508383107185364
Healthy,CD8 Naive,12,1.4428189893563588,1.421366035938263,0.35775178727716955,1.0715983867645265,1.085782140493393,1.6772804856300354,1.8431800842285158
Healthy,ILC1,12,0.8137676666180292,0.7345714271068573,0.21015445837019772,0.6979358732700348,0.7043863981962204,0.8808282911777496,0.967262601852417
Healthy,vascular endothelial,11,0.9268606034192172,0.8010052442550659,0.30789212061727406,0.5867323279380798,0.7073115408420563,1.1315449476242065,1.360022783279419
Healthy,EEC N Cells,10,0.34720786064863207,0.11830407753586769,0.46294569108614914,0.02145616486668587,0.04997823014855385,0.5649138055741787,0.8435210943222043
Healthy,CD8 Memory/Exhausted,9,0.9033215112156339,0.8765540719032288,0.2908709798672128,0.5593830108642578,0.7487510442733765,1.0694383382797241,1.1736373901367188
Healthy,Glia Muscularis propria/Type IV,9,1.3466385470496283,1.2868332862854004,0.28469203212855465,1.0351519346237184,1.1901706457138062,1.4923322200775146,1.68440842628479
Healthy,SMC Outer Muscle Cells,9,0.5449344780710008,0.5969716906547546,0.2697770764411444,0.18196963071823122,0.35639768838882446,0.7364174723625183,0.8059145212173462
Healthy,Pericytes Secretory,8,0.9048739671707153,0.7680851221084595,0.3906476173355924,0.7052597165107727,0.7398378700017929,0.8640911877155304,1.1721241533756255
Healthy,T NKT,7,0.6228572619812829,0.35532525181770325,0.43547328574939226,0.24268532991409303,0.2964911609888077,0.9726088643074036,1.160536766052246
Healthy,GC B Germinal Center,6,1.8046028017997742,1.7828635573387146,0.5093080921165019,1.2947629690170288,1.573206216096878,2.203650176525116,2.336181879043579
Healthy,DC migDC,4,0.09974472736939788,0.10596196725964546,0.08157553311438875,0.023712358810007574,0.03791692620143294,0.1677897684276104,0.1708033040165901
Healthy,lowQ,4,1.8000527918338776,1.8256317377090454,0.2586757258259903,1.5591309428215028,1.70425084233284,1.921433687210083,2.0205114841461183
Healthy,vascular endothelial Capillary,3,1.123588740825653,1.2328020334243774,0.5099969631199068,0.7008261442184448,0.9003171026706696,1.4014670252799988,1.5026660203933715
Healthy,Colonocytes Laminin,1,1.5264784097671509,1.5264784097671509,,1.5264784097671509,1.5264784097671509,1.5264784097671509,1.5264784097671509
Healthy,Fibroblasts Submucosal (aka Crypt Support/Trophocytes/S3),1,0.7662055492401123,0.7662055492401123,,0.7662055492401123,0.7662055492401123,0.7662055492401123,0.7662055492401123
Healthy,B Atypical,0,,,,,,,
Healthy,B Cycling,0,,,,,,,
Healthy,B Memory,0,,,,,,,
Healthy,Epithelial,0,,,,,,,
Healthy,Fibroblasts Myofibroblasts,0,,,,,,,
Healthy,Fibroblasts mLTo Cells (mesenchymal lymphoid tissue organizer cells),0,,,,,,,
Healthy,GC B Dark Zone,0,,,,,,,
Healthy,Granulocytes,0,,,,,,,
Healthy,ILC NKs,0,,,,,,,
Healthy,Not predicted,0,,,,,,,
Healthy,T Cycling ,0,,,,,,,
Healthy,T MAIT,0,,,,,,,
CD,Colonocytes,45358,0.8505183858477465,0.7798831760883331,0.47709852448682677,0.27775227427482607,0.4771128296852112,1.1516619324684143,1.540435039997101
CD,Plasma IGA,43865,0.4467428391157501,0.4439431428909302,0.1706368424000441,0.23041857779026031,0.33120909333229065,0.5634675621986389,0.6591134190559387
CD,CD4 Naive,32971,0.7909114188706868,0.7306876182556152,0.4499581942189487,0.23267021775245667,0.45648378133773804,1.0663744807243347,1.4456185102462769
CD,Absorptive TA,29839,0.8195926849157424,0.800155758857727,0.41440684308677106,0.2908048629760742,0.4933598190546036,1.0916260480880737,1.3671761512756349
CD,CD4 Th17,17710,0.6629048410928764,0.6531858444213867,0.38474753782135845,0.17261089235544205,0.3752758577466011,0.8590914607048035,1.1863421320915222
CD,Colonocytes Late,16360,0.35588018112271697,0.241007998585701,0.35090948929112437,0.009359646774828439,0.039011881686747074,0.6325478851795197,0.8323714673519135
CD,Colonocytes Early,16107,0.9594141807930536,0.89657062292099,0.43069704692275884,0.42451544404029845,0.6423667371273041,1.2365910410881042,1.5869093656539917
CD,Fibroblasts Lamina propria (S1),15735,0.18312520230122786,0.03258299455046654,0.31640337970227467,0.0031422156374901534,0.007556134834885597,0.19878935813903809,0.6433545589447024
CD,Enterocytes Late,14110,0.39836957915771876,0.27070656418800354,0.38132621795713134,0.03446676395833492,0.0877794623374939,0.6430009305477142,0.9161556124687196
CD,vascular endothelial Arteriolar,12738,0.316693583794285,0.14306096732616425,0.3779611964508,0.023206848837435245,0.050980097614228725,0.4660678133368492,0.8809009850025179
CD,Epithelial Stem Cells (LGR5+),12273,0.7707255809430291,0.6638126969337463,0.5906086849579971,0.08825547695159913,0.2556201219558716,1.1868964433670044,1.6665650129318237
CD,CD8 TRM,11618,0.9427185444949129,0.9414398670196533,0.45643362324177267,0.3187004327774048,0.5762816667556763,1.299882709980011,1.556695926189423
CD,CD8 Circulating Effector/Memory,11152,0.5457761802780241,0.32090969383716583,0.5481869193818374,0.03130794949829578,0.08619944378733635,0.9224365949630737,1.4351013660430907
CD,CD4 Treg,10882,0.4201194367138412,0.19201313704252243,0.48309249631950507,0.01915155928581953,0.048434024676680565,0.6857564449310303,1.2147180676460263
CD,Enterocytes,8063,1.2324721392807307,1.1749156713485718,0.5017789946901452,0.604106891155243,0.8174598813056946,1.6533663272857666,1.9282264709472656
CD,Transiently Amplifying Cells (TA),8063,1.0085149687289323,1.03464674949646,0.5765077334980787,0.1587069183588028,0.5489180386066437,1.4603368639945984,1.759300446510315
CD,Fibroblasts Crypt Bottom (S2A),7789,0.1357360037112906,0.00971917249262333,0.34429486328964204,0.001837746775709093,0.0036099336575716734,0.04505744203925133,0.4344148933887479
CD,Cycling TA,6535,1.0293725141675398,1.0061918497085571,0.4063868916767042,0.49824531674385075,0.7576923966407776,1.2890202403068542,1.5505119800567628
CD,Plasma Cells,6355,0.6594206864408486,0.6543978452682495,0.3258982605710428,0.3141712307929993,0.48337993025779724,0.7011465728282928,0.9859539151191712
CD,vascular endothelial Venular,4797,0.26013361840450244,0.07458999752998352,0.37656859857486524,0.006508820597082377,0.018103573471307755,0.3514069616794586,0.8245474815368653
CD,Plasma IGG,4685,0.389930915269949,0.295973539352417,0.30561067895691796,0.07991879433393478,0.14221987128257751,0.5831183195114136,0.8709216237068178
CD,CD8 Effector/Memory,4667,1.0722522198052757,1.0983076095581055,0.45734637064049427,0.41099998950958255,0.7647993266582489,1.4257011413574219,1.6499499559402466
CD,CD4 Tfh,4523,0.9554860046153578,0.9681593775749207,0.42915451083802475,0.3681821942329407,0.6182437539100647,1.2749598026275635,1.5128529787063598
CD,Monocytes,4435,0.12658734017282192,0.0074859121814370155,0.2714552895966788,0.0006356139201670886,0.0016465894295834005,0.07159992307424545,0.5222205758094788
CD,Fibroblasts Subserosal,4175,0.32658035141316905,0.18086014688014984,0.3478294017110608,0.01211210023611784,0.03873596899211407,0.569786012172699,0.8169441699981689
CD,Colonocytes BEST4,3917,0.5109936167533089,0.3555629551410675,0.4775086815427331,0.04264560863375664,0.11651638895273209,0.7899636626243591,1.244393825531006
CD,DC cDC2,3908,0.26521123657760876,0.0997810997068882,0.3318335775673623,0.015350274927914144,0.031235259491950274,0.42762453109025955,0.7331358909606936
CD,Macrophages Tissue Resident,3899,0.22796398375272947,0.06276775151491165,0.31228464315122245,0.00528704896569252,0.012445555068552494,0.3608149290084839,0.7179533600807191
CD,EEC Enterochromaffin Cells,3509,0.5075140571920135,0.18021325767040253,0.6384227365389182,0.02241647131741047,0.05427815392613411,0.7724066376686096,1.6277486085891728
CD,CD8 IEL,3165,0.7751007673190833,0.6790183782577515,0.5653718624077795,0.09718087464571001,0.26489195227622986,1.2220666408538818,1.5864096641540526
CD,Secretory Goblet Cells,3021,0.5718118237687846,0.28897571563720703,0.6262171502833357,0.008110272698104382,0.03452879562973976,1.0203927755355835,1.5848513841629028
CD,Pericytes Angiogenic,2609,0.6241371619571164,0.5413188338279724,0.4325053787921584,0.1400708705186844,0.25214052200317383,0.9038422107696533,1.2677011489868166
CD,CD8 T,2461,1.0800800261529346,1.086996078491211,0.475653604331303,0.41603076457977295,0.7164833545684814,1.4492461681365967,1.7097829580307007
CD,Glia Myenteric Plexus / Type I,2310,0.6244030523609806,0.6279389262199402,0.31066026955052656,0.21346179842948915,0.36804305016994476,0.8191104680299759,1.0363003134727478
CD,ILC NK Cells,2125,0.43972955798927477,0.3187794089317322,0.4015559031093835,0.058412683010101316,0.13851693272590637,0.6386451125144958,0.95502268075943
CD,Granulocytes Mast Cells,2036,0.019039638894467126,0.0006262287497520447,0.09141867319924758,0.00012412959767971188,0.00025539616763126105,0.0023679881123825908,0.019443325698375702
CD,vascular endothelial Pre venule capillary (PVC),2012,0.4766586021375315,0.3748876303434372,0.4081981853228955,0.04463836513459683,0.11287499032914639,0.75697460770607,1.0525134921073915
CD,Enterocytes Early,1930,0.9547907370707223,0.9181328117847443,0.4643402571897809,0.34285081923007965,0.6327028721570969,1.2021547555923462,1.6351903676986694
CD,Secretory Tuft Cells,1871,0.27216057469234106,0.03106667473912239,0.5042657788023589,0.0023093835916370153,0.006660120794549584,0.22972282022237778,1.0592353343963623
CD,CD4 Memory,1741,1.1479298660594763,1.155632734298706,0.37516544360463994,0.6626436710357666,0.914650022983551,1.4078748226165771,1.6243653297424316
CD,Follicle associated enterocyte (FAE),1726,1.0004547032487696,0.9252354800701141,0.4869746555291064,0.393340140581131,0.6340653896331787,1.3412357568740845,1.6852057576179504
CD,ILC3,1415,0.5859812228450084,0.565007209777832,0.3437268252510572,0.2167530059814453,0.3761756718158722,0.6916954517364502,0.8810197472572328
CD,Glia Extra-Ganglionic,1398,0.7882539713875163,0.7464175522327423,0.3848145693328249,0.33454729318618776,0.5291813611984253,0.9868150949478149,1.2831133961677552
CD,T GammaDelta,1309,0.8539689058164737,0.8501946926116943,0.5169442030125204,0.16264884769916535,0.4075203835964203,1.2457118034362793,1.5615486145019533
CD,Smooth Muscle Cells (SMC),1153,0.24570742006175256,0.05095113813877106,0.3940713240536152,0.00366065357811749,0.010087515227496624,0.2978169322013855,0.8065262913703918
CD,Glia Mucosal/Type III,1056,0.8518974397500808,0.852904736995697,0.34260477550841634,0.37999899685382843,0.6127665638923645,1.0899328291416168,1.2698854804039001
CD,SMC Inner Muscle Cells,1042,0.5097876704260421,0.3639686703681946,0.43701383018403117,0.08916381374001503,0.15570033714175224,0.7282996773719788,1.2273134946823119
CD,Secretory TA,993,1.107809325509441,1.093212366104126,0.39846982560694416,0.6090796828269959,0.8062507510185242,1.3773249387741089,1.642487096786499
CD,Microfold Cells (M Cells),912,0.9895214935143789,0.9475731253623962,0.5262780932087114,0.3331231713294983,0.5270255953073502,1.3869754076004028,1.711363649368286
CD,EEC L Cells (PYY+),837,0.7512544599876894,0.7149803638458252,0.37332250246576426,0.33368826508522037,0.4721517264842987,0.9437564015388489,1.183452486991882
CD,vascular endothelial Post arteriole capillary (PAC),812,0.7521187995601757,0.7465709149837494,0.3651063456486871,0.28871378302574163,0.48125701397657394,0.9871203899383545,1.1927315711975097
CD,doublet,730,1.1170854885214048,1.1644980907440186,0.5498624885352232,0.318436947464943,0.7199469208717346,1.5298596322536469,1.7834075450897218
CD,CD4 Th1,705,1.4449955561059586,1.4452964067459106,0.3528005169733693,0.9635468125343323,1.2046303749084473,1.7020411491394043,1.897371196746826
CD,Glia Submucosal Plexus / Type I,705,0.7257748695711295,0.7325440645217896,0.4205160058450977,0.17345899641513823,0.3914846181869507,0.9698052406311035,1.267085313796997
CD,Pericytes Immature,682,0.876925139952877,0.8532505333423615,0.3808769602430606,0.39035597145557405,0.5952977985143661,1.1191572844982147,1.3916120290756224
CD,DC cDC1,658,0.18253162916715923,0.013110870029777288,0.3624625996837086,0.0011390486150048673,0.0027466872124932706,0.12952477484941483,0.7021797895431526
CD,Fibroblastic reticular cells,648,0.41017049118979937,0.23023273050785065,0.42903171392446354,0.016249926760792732,0.04454502370208502,0.7081510722637177,1.0442362546920776
CD,ILC2,568,0.5593548674320041,0.6059242784976959,0.18588324703050652,0.2905854254961014,0.4314086362719536,0.6869578957557678,0.7118602693080902
CD,Pericytes Contractile,559,0.8685447785316938,0.8810665607452393,0.41186746336906027,0.3031754970550537,0.5565387904644012,1.149454653263092,1.3964793682098386
CD,Fibroblasts Subepithelial (S2),522,0.5796893955533076,0.5908673703670502,0.2997843052560697,0.1863676682114601,0.3249909430742264,0.7551418244838715,0.9814873754978181
CD,Fibroblasts Crypt Top (S2B),511,0.5338620005928184,0.47528424859046936,0.40177442140933206,0.09498134255409241,0.20888756215572357,0.748851090669632,1.0173287391662598
CD,Fibroblasts Muscularis Propria,454,0.6116692261680108,0.6618728041648865,0.31988733778260053,0.16367986202239992,0.332288920879364,0.8148791342973709,0.9898250877857209
CD,Macrophages M2,453,0.6114244638565952,0.600377082824707,0.3950417628422985,0.08908992856740953,0.2561400234699249,0.8750008344650269,1.1826873540878298
CD,vascular endothelial,404,0.7188114714578236,0.7059504985809326,0.451528332686984,0.12975379675626755,0.3045397251844406,1.0662484765052795,1.3336823105812072
CD,DC migDC,403,0.24089326663607172,0.06572195142507553,0.3522447530565509,0.006658300291746856,0.015350192319601774,0.31432729959487915,0.7564681053161623
CD,CD8 Naive,382,1.264155867524172,1.2763307690620422,0.36730719859614513,0.7800629615783692,1.0264846682548523,1.5293856859207153,1.7079560160636904
CD,vascular endothelial Lymphatic,371,0.12522722098655054,0.006577780935913324,0.34392760478672163,0.0011441037058830261,0.002103875274769962,0.04215465486049652,0.35896196961402893
CD,Secretory Paneth Cells,360,0.3841883635314338,0.08388331159949303,0.5415246287605895,0.0009009264991618693,0.004842216498218477,0.6044116914272308,1.3332524418830873
CD,Glia Intra-Ganglionic,337,0.8222461306553566,0.7820352911949158,0.304173407955656,0.4762769639492035,0.6173509359359741,0.9836302399635315,1.2311784744262697
CD,Enterocytes BEST4,334,0.5340024826728912,0.3769959360361099,0.5412943738567146,0.009508172050118448,0.0370584512129426,0.9328645020723343,1.223830473423004
CD,Macrophages Cycling,324,0.2061047975883322,0.06570864841341972,0.30321737837378715,0.006346834497526289,0.017009648494422436,0.24605942890048027,0.7008946299552917
CD,EEC Progenitor,312,0.7582766906215022,0.6845380663871765,0.5095295315606339,0.16504681259393691,0.31906696408987045,1.0903564393520355,1.4496597290039062
CD,SMC Outer Muscle Cells,296,0.557533881677365,0.5727014541625977,0.3584927674992981,0.13413934409618378,0.26635171473026276,0.7413718551397324,0.9123454391956329
CD,"DC Monocyte derived dendritic cell
(MO DC)",251,0.8065138732220428,0.7972055077552795,0.5319633630843456,0.14190056920051575,0.33913901448249817,1.19607275724411,1.567774772644043
CD,CD8 Memory/Exhausted,182,0.8821446388796136,0.7528462111949921,0.47770296204921076,0.3307328909635544,0.5364413410425186,1.1937370896339417,1.6299929141998293
CD,T NKT,178,0.5826992455325769,0.47849926352500916,0.42720978020647454,0.11661361679434776,0.24726063385605812,0.823530301451683,1.1861523509025576
CD,Fibroblasts Myofibroblasts,150,0.7237558608688414,0.7436805963516235,0.43709623134345077,0.13078074678778648,0.34387780725955963,1.0213346481323242,1.3033121705055237
CD,EEC N Cells,111,0.7323661106848368,0.7258391976356506,0.6032085380831949,0.05923360586166382,0.177311509847641,1.0270803570747375,1.6148983240127563
CD,vascular endothelial Capillary,106,0.933825218241732,0.8721012473106384,0.3590084426114378,0.5087316781282425,0.7232813537120819,1.1843729317188263,1.4048770070075989
CD,Enteroendocrine Cells (EEC),99,1.4631289595907384,1.3780043125152588,0.5416725907337774,0.839427363872528,1.015490084886551,1.84959214925766,2.2487792491912844
CD,Fibroblasts Submucosal (aka Crypt Support/Trophocytes/S3),84,1.1927334309688635,1.154154360294342,0.491843980963196,0.683490252494812,0.8714945465326309,1.5762926638126373,1.8398027539253234
CD,GC B Germinal Center,79,1.7252839298187932,1.686882734298706,0.4058499020808923,1.2540629148483278,1.454200804233551,1.9171903729438782,2.2757260322570803
CD,lowQ,72,1.4947623614635732,1.5901663899421692,0.46546755466647766,0.7895382881164551,1.2642789483070374,1.815762460231781,1.9689236879348755
CD,Pericytes Secretory,70,0.8941887417009898,0.8499029278755188,0.317750534562046,0.5097548604011536,0.733854129910469,1.0532395839691162,1.2715798258781432
CD,EEC S Cells (SCT+),67,1.332591308586633,1.355987548828125,0.6639256955532992,0.41129475831985474,0.7657350897789001,1.963606595993042,2.137139892578125
CD,ILC1,44,1.0080962072719226,0.8010568618774414,0.422191985833603,0.6886089742183685,0.7079801112413406,1.1493175327777863,1.714596331119538
CD,Glia Muscularis propria/Type IV,32,1.3254915215075016,1.2849975228309631,0.37808762222826997,0.853320574760437,1.0164495408535004,1.6075755655765533,1.832637655735016
CD,B Cycling,16,1.7681765779852867,1.7530478835105896,0.4040664177457784,1.2972742319107056,1.4093678891658783,2.046998918056488,2.3280022144317627
CD,ILC NKs,8,0.8065275698900223,0.7971417903900146,0.22038193501298797,0.5394502401351928,0.6548168063163757,0.9697343111038208,1.0419764637947082
CD,B Memory,5,1.6631921648979187,1.5473589897155762,0.6189700255933451,1.0689564108848573,1.3561261892318726,2.071068048477173,2.306765842437744
CD,Epithelial,5,0.987602698802948,0.9036639928817749,0.3072226581694279,0.7069425582885742,0.90256267786026,1.1634935140609741,1.300455904006958
CD,Fibroblasts mLTo Cells (mesenchymal lymphoid tissue organizer cells),5,0.6848932147026062,0.5869667530059814,0.24525088032290215,0.5110671401023865,0.5615496039390564,0.6982381939888,0.939474892616272
CD,B Atypical,2,1.450690507888794,1.450690507888794,0.21152154568465367,1.331035852432251,1.3759063482284546,1.5254746675491333,1.570345163345337
CD,Granulocytes,2,0.7009722292423248,0.7009722292423248,0.05882431431980629,0.6676961719989777,0.6801746934652328,0.7217697650194168,0.734248286485672
CD,Colonocytes Laminin,1,1.4079023599624634,1.4079023599624634,,1.4079023599624634,1.4079023599624634,1.4079023599624634,1.4079023599624634
CD,T MAIT,1,1.331632375717163,1.331632375717163,,1.331632375717163,1.331632375717163,1.331632375717163,1.331632375717163
CD,GC B Dark Zone,0,,,,,,,
CD,Not predicted,0,,,,,,,
CD,T Cycling ,0,,,,,,,
UC,Colonocytes,46804,0.8683623587154695,0.7983217239379883,0.4927183574328111,0.2675234735012054,0.47833241522312164,1.1910566091537476,1.5793260097503665
UC,Plasma IGA,44957,0.4237987869813484,0.40112075209617615,0.21149053461737766,0.18554430007934572,0.27825793623924255,0.5439473390579224,0.6713324904441833
UC,CD4 Naive,29136,0.8121505972790188,0.739287257194519,0.46960339141748825,0.23553180694580078,0.4634922817349434,1.098222553730011,1.4992203116416931
UC,Absorptive TA,25586,0.8689775689644306,0.8521953523159027,0.42705281500359765,0.3102147579193115,0.546227902173996,1.1462877690792084,1.4379096627235413
UC,vascular endothelial Arteriolar,24996,0.42810183434819365,0.2529950886964798,0.4317893171686123,0.03163067437708378,0.07773694209754467,0.698679506778717,1.089758276939392
UC,Plasma IGG,22753,0.3311059156692911,0.22116494178771973,0.2990309470099847,0.062116210907697686,0.11117632687091827,0.46669942140579224,0.798079538345337
UC,Colonocytes Early,19697,0.979802028933016,0.9186661243438721,0.44207241649703255,0.4269505202770233,0.6473109722137451,1.2787854671478271,1.6195226192474368
UC,Fibroblasts Lamina propria (S1),19325,0.24345376341186528,0.059450116008520126,0.3686673653739798,0.004919061716645957,0.013066406361758709,0.32986366748809814,0.7730577111244207
UC,CD4 Th17,18704,0.7166686392045742,0.67849001288414,0.43526663620709527,0.19222535789012912,0.3980320915579796,0.9376926571130753,1.3175554513931276
UC,CD4 Treg,18465,0.5317923362777098,0.34342774748802185,0.5110043519685947,0.03275546729564667,0.09245624393224716,0.8905013203620911,1.3307188034057624
UC,CD8 Circulating Effector/Memory,16453,0.44032789522856175,0.22478310763835907,0.48968703761899995,0.03266355842351913,0.0781978964805603,0.6587042212486267,1.2434203386306766
UC,Epithelial Stem Cells (LGR5+),13601,0.7718789851128355,0.6826232671737671,0.5747601242127971,0.09879205375909805,0.27507567405700684,1.1539621353149414,1.6443809270858765
UC,vascular endothelial Venular,8809,0.3222454679232263,0.11737425625324249,0.4143071009436623,0.010303711891174317,0.027851814404129982,0.504041850566864,0.9472537279129029
UC,Fibroblasts Crypt Bottom (S2A),8581,0.2383293358958689,0.016567794606089592,0.45276849682507897,0.002015355508774519,0.00449526309967041,0.17960523068904877,0.986642062664032
UC,Colonocytes Late,8247,0.4186682525703568,0.3300226926803589,0.3744658720424067,0.017682144418358803,0.07144572585821152,0.7091046869754791,0.9026831030845645
UC,Plasma Cells,6650,0.7564177121939067,0.6839822232723236,0.39526138834050817,0.35641241371631627,0.532087504863739,0.8690849095582962,1.235353469848633
UC,Transiently Amplifying Cells (TA),6466,1.1305720909329968,1.1527794003486633,0.5391591980308627,0.3402452915906906,0.7695160061120987,1.541691154241562,1.8205616474151611
UC,CD4 Tfh,6111,0.993519747944927,1.0008732080459595,0.44515379210804346,0.3809391260147095,0.6658736169338226,1.318694293498993,1.569487452507019
UC,Cycling TA,5978,1.0497611174967505,1.0317317843437195,0.4049740010374469,0.5252642095088959,0.7692815661430359,1.3119814693927765,1.5802040100097656
UC,Enterocytes Late,5569,0.289606140748753,0.12606559693813324,0.3689996635511144,0.01909524016082287,0.04025126248598099,0.42008310556411743,0.8042115926742553
UC,Fibroblasts Subserosal,5301,0.3317793253324534,0.18802455067634583,0.35608317395580963,0.008707292377948761,0.03184932842850685,0.5806043148040771,0.8135626316070557
UC,Enterocytes,4797,1.4432283669635606,1.4919164180755615,0.4681363130812609,0.7934513211250305,1.0731258392333984,1.816294550895691,2.019733190536499
UC,Pericytes Angiogenic,4659,0.6977830002283073,0.665888249874115,0.4254708755842786,0.17577323019504548,0.3235645145177841,0.9850391745567322,1.268565559387207
UC,Secretory Goblet Cells,4350,0.6359493133018927,0.4003717750310898,0.6419925011528136,0.012484929524362089,0.06394518911838531,1.1150099635124207,1.6410256147384643
UC,CD8 TRM,4219,1.129718435243254,1.160508394241333,0.45635030952462574,0.49309239387512205,0.8068220615386963,1.4612200260162354,1.6730382919311524
UC,vascular endothelial Pre venule capillary (PVC),4045,0.7133475927462196,0.7285414338111877,0.44596961638216664,0.11013875156641009,0.3094140291213989,1.059788703918457,1.302581238746643
UC,Monocytes,3710,0.11053965104047019,0.0051015878561884165,0.25506627657907927,0.0006679942249320448,0.0015232823498081416,0.04357539489865303,0.45484648048877707
UC,Colonocytes BEST4,3469,0.6323355739819717,0.5351803302764893,0.49089407341282154,0.08532853573560714,0.2067997008562088,0.9374138116836548,1.3486742019653322
UC,Macrophages Tissue Resident,3371,0.22502873667111556,0.06793756037950516,0.30375937095311684,0.004354388918727636,0.012696004938334227,0.3546876013278961,0.7028976678848267
UC,CD4 Memory,3236,1.2182052897091389,1.2209082245826721,0.363595724275172,0.7677752375602722,0.9987927228212357,1.4708820581436157,1.671084702014923
UC,Glia Myenteric Plexus / Type I,3110,0.6512073622974552,0.6407731771469116,0.3305131668329113,0.24550684392452243,0.3947652205824852,0.8301344662904739,1.0822716236114502
UC,vascular endothelial,2942,0.7777598432741963,0.8123945891857147,0.42068820621778025,0.1750216603279114,0.41291312873363495,1.1222539842128754,1.3177736759185792
UC,Pericytes Immature,2572,0.8618196435359597,0.8268938958644867,0.3687811931431008,0.4051126897335053,0.6083840578794479,1.0613844096660614,1.3382580876350405
UC,DC cDC2,2556,0.26563756104060615,0.0854015164077282,0.35306096525864294,0.012219921220093966,0.024779701605439186,0.40395637601614,0.7732256650924683
UC,CD8 Effector/Memory,2547,1.0658236232146139,1.1140919923782349,0.5110937164230457,0.3121983230113983,0.690937340259552,1.4558272957801819,1.6982672452926637
UC,EEC Enterochromaffin Cells,2455,0.6789127178243579,0.273973673582077,0.7480197396388832,0.0275838665664196,0.06820349022746086,1.2495595812797546,1.9160248756408689
UC,SMC Inner Muscle Cells,2375,0.449024753947007,0.3121829628944397,0.4127193992995729,0.07191316932439804,0.13218998163938522,0.6568510234355927,1.0619977951049795
UC,Glia Extra-Ganglionic,2359,0.7403993269222527,0.692657470703125,0.39392725703997983,0.3023118555545807,0.45438630878925323,0.919157087802887,1.2527435541152963
UC,CD8 IEL,1967,0.9209491344917817,0.8807724118232727,0.5946783962808225,0.16306971907615664,0.3962746262550354,1.3838877081871033,1.7697073221206665
UC,vascular endothelial Post arteriole capillary (PAC),1922,0.9361641417382504,0.9331789016723633,0.421692652639282,0.3594964981079102,0.6211459338665009,1.2282656133174896,1.4770032763481142
UC,Follicle associated enterocyte (FAE),1844,0.9873059660321558,0.9047461152076721,0.4847594930066459,0.3927664548158646,0.6257787942886353,1.3224454522132874,1.6711437106132507
UC,ILC NK Cells,1808,0.48916098605109937,0.40850016474723816,0.3773721777108088,0.09530450478196144,0.19082509726285934,0.7068142741918564,0.9643239617347718
UC,Smooth Muscle Cells (SMC),1800,0.3344468533969161,0.09528720006346703,0.45059753298826277,0.00668965931981802,0.01944642374292016,0.5607541650533676,0.986749118566513
UC,Granulocytes Mast Cells,1743,0.017823549791576274,0.0005053381901234388,0.10338974587867356,0.00012389904586598277,0.00022650897881248966,0.0016466500819660723,0.007852891273796557
UC,CD8 T,1587,1.1228575860822096,1.1573326587677002,0.4693504239791505,0.46030355095863346,0.7671101689338684,1.4896003007888794,1.7072642564773561
UC,Secretory Tuft Cells,1517,0.32638586204120656,0.042137786746025085,0.5512112161118391,0.0029678776394575835,0.009454186074435711,0.3520926535129547,1.2418951272964478
UC,Pericytes Contractile,1152,0.8665036030352995,0.8740640878677368,0.4058083139792854,0.30606091618537906,0.576081857085228,1.1032941043376923,1.4038037657737732
UC,ILC3,1137,0.6031174377104958,0.5626428723335266,0.35770044433417963,0.23228904008865356,0.38213691115379333,0.6983767151832581,1.0293481826782227
UC,Fibroblasts Crypt Top (S2B),1134,0.6706375794688887,0.6366686820983887,0.43998174233015924,0.12484026402235032,0.3162948563694954,0.9463968425989151,1.3041315793991088
UC,doublet,1080,1.1736723981263046,1.2000573873519897,0.559026649754351,0.3766916036605835,0.7777107208967209,1.576710045337677,1.8813092112541199
UC,T GammaDelta,994,0.872514475025499,0.8835045397281647,0.5276534353876027,0.15941822826862337,0.4240526631474495,1.2720644176006317,1.5772714495658875
UC,Fibroblastic reticular cells,969,0.6239312794323822,0.5657480955123901,0.504004836426761,0.03069438748061657,0.1457635760307312,0.9915784001350403,1.3643481254577636
UC,Secretory TA,934,1.117749086284025,1.10285884141922,0.4129683868030632,0.5906280100345612,0.7919337749481201,1.4116269946098328,1.672828698158264
UC,Glia Submucosal Plexus / Type I,924,0.7544778894866894,0.7189675271511078,0.4525541129881703,0.18515527248382574,0.4000827968120575,1.019569754600525,1.3885476112365724
UC,Fibroblasts Subepithelial (S2),892,0.7230805357241578,0.7010019421577454,0.36510035771269966,0.23555318862199787,0.4447803944349289,0.9622509181499481,1.228801870346069
UC,Enterocytes Early,819,1.1253237390983963,1.06247079372406,0.5904540502821907,0.2912503421306611,0.6858058273792267,1.6633143424987793,1.8862418174743654
UC,Microfold Cells (M Cells),737,1.0224713923730553,0.956551194190979,0.5611128902373829,0.323138564825058,0.5337724685668945,1.4531795978546143,1.8266130685806274
UC,Fibroblasts Myofibroblasts,729,0.7381353080234349,0.7285738587379456,0.4779320157057993,0.09850092083215713,0.3179241120815277,1.081119418144226,1.395263385772705
UC,CD8 Naive,700,1.3458743630988257,1.3578230142593384,0.3501134101360285,0.9034037649631501,1.125466525554657,1.585194170475006,1.7768971800804139
UC,Glia Mucosal/Type III,650,0.915727755358586,0.9239845871925354,0.3345240266063662,0.4826208889484406,0.6862225085496902,1.1294333636760712,1.3090944290161133
UC,DC cDC1,643,0.1858164444304608,0.02891111560165882,0.3447820549173757,0.0013456947635859253,0.003912590560503304,0.16290034353733063,0.6903230667114268
UC,SMC Outer Muscle Cells,577,0.5295811763817713,0.530689537525177,0.3072786877938779,0.14840382039546968,0.28736868500709534,0.7181344628334045,0.838797926902771
UC,EEC L Cells (PYY+),543,0.7913847902916632,0.783096194267273,0.38085147006925124,0.32136311531066897,0.504955381155014,1.012971818447113,1.2472152233123779
UC,CD8 Memory/Exhausted,535,0.9144343809268185,0.8282209038734436,0.45796133984157045,0.3722518563270569,0.5729074478149414,1.1788842678070068,1.6272267580032351
UC,vascular endothelial Capillary,535,1.0024386486717474,0.9952183365821838,0.35138169544970216,0.5493265628814697,0.7752600312232971,1.2361397743225098,1.4329361438751222
UC,Fibroblasts Muscularis Propria,517,0.7603161802346056,0.7631736397743225,0.38014409809021255,0.24266408383846283,0.5098463892936707,0.975039005279541,1.212718152999878
UC,ILC2,421,0.562120710161123,0.5943249464035034,0.21277366913692233,0.29053500294685364,0.4480389356613159,0.6841095685958862,0.7147511839866638
UC,CD4 Th1,402,1.4703770323624066,1.4910422563552856,0.3532141265748551,1.0325759768486023,1.2326105237007141,1.7037655115127563,1.9081653594970702
UC,Fibroblasts Submucosal (aka Crypt Support/Trophocytes/S3),317,1.1196230004544514,1.1200658082962036,0.5371033320545952,0.39417240619659427,0.7357869744300842,1.5323325395584106,1.8252830505371094
UC,Macrophages Cycling,280,0.28045126724048586,0.1183432936668396,0.34576031811968083,0.009256545547395946,0.02809219853952527,0.44004858285188675,0.7800275921821593
UC,Macrophages M2,274,0.5497019482049139,0.5327276587486267,0.3605450078444803,0.10912120565772057,0.23431389406323433,0.7792214006185532,1.0626474022865298
UC,DC migDC,264,0.2513009371124843,0.06919292360544205,0.36647114232870603,0.009867024421691895,0.023196320049464703,0.28197841346263885,0.8557662189006808
UC,Glia Intra-Ganglionic,247,0.9242441276548362,0.8357971906661987,0.3845296463527065,0.49242135882377625,0.6656648218631744,1.138586699962616,1.4116276264190675
UC,Secretory Paneth Cells,245,0.4349942949559535,0.11596040427684784,0.5929210899112136,0.0004249099234584719,0.0060736555606126785,0.7100337147712708,1.391318106651306
UC,EEC Progenitor,215,0.8242741907405299,0.7090426087379456,0.5723581520768511,0.1840856969356537,0.36578860878944397,1.1718738675117493,1.7156468391418456
UC,Enterocytes BEST4,155,0.6069867273732539,0.610706627368927,0.5815751794346448,0.00831432044506073,0.029612557031214237,1.0386342406272888,1.283129811286926
UC,"DC Monocyte derived dendritic cell
(MO DC)",153,0.7870114851268191,0.7473639845848083,0.5191337565879803,0.11466794908046724,0.31041979789733887,1.2129536867141724,1.493875813484192
UC,T NKT,148,0.6062719736852356,0.5228513181209564,0.37060450723326926,0.17685171216726303,0.33433009684085846,0.836163118481636,1.1019012928009038
UC,GC B Germinal Center,131,1.7693492356147476,1.729076623916626,0.41880056273728217,1.2975131273269653,1.4586766362190247,2.061664581298828,2.3627302646636963
UC,vascular endothelial Lymphatic,114,0.34487401470113055,0.014893873129040003,0.6439390452461365,0.0018754113116301596,0.003948471392504871,0.2172466777265072,1.4855209708213808
UC,lowQ,97,1.6175755972100287,1.6774401664733887,0.4204086664274311,1.114426565170288,1.3563288450241089,1.8780142068862915,2.1294418811798095
UC,B Cycling,86,1.6220294573279315,1.6297387480735779,0.5898303011081866,0.828016072511673,1.1386859118938446,2.0499237775802612,2.3957380056381226
UC,Enteroendocrine Cells (EEC),77,1.4528725603958228,1.3066914081573486,0.5557734158678028,0.7832812428474426,1.0257467031478882,1.9864414930343628,2.147916078567505
UC,EEC N Cells,65,0.8892425983284529,0.8647536039352417,0.6501752367826102,0.07781882733106614,0.3673706650733948,1.2076188325881958,1.927602005004883
UC,ILC1,53,0.8596077280224494,0.7552512288093567,0.2922361351777711,0.6729704976081848,0.7056509256362915,0.900702714920044,1.2236430406570435
UC,Pericytes Secretory,50,0.9483594030141831,0.9638796746730804,0.21827759783493936,0.7222556173801422,0.7813841551542282,1.077172428369522,1.2140935778617858
UC,Glia Muscularis propria/Type IV,35,1.3688546180725099,1.3330353498458862,0.2750104212992921,1.019562029838562,1.1812816262245178,1.5844101905822754,1.7374523162841797
UC,B Memory,27,1.9997380883605391,1.980892300605774,0.42829921926835907,1.4162285327911377,1.7104519605636597,2.3857855796813965,2.5038462162017825
UC,EEC S Cells (SCT+),20,1.4882793948054314,1.6120820045471191,0.7723336835251741,0.6023697316646576,0.755559653043747,2.1651230454444885,2.347494697570801
UC,ILC NKs,11,0.8478906913237139,0.8124051690101624,0.31570629232112957,0.514855682849884,0.5979860126972198,1.03671395778656,1.113926649093628
UC,B Atypical,9,1.6142246392038133,1.712552785873413,0.4711228037232786,0.8874545812606811,1.582489013671875,1.917626142501831,2.021417474746704
UC,T Cycling ,6,1.9435496926307678,1.9312036037445068,0.2505648860740972,1.7110076546669006,1.773556649684906,1.982809066772461,2.188437819480896
UC,Epithelial,4,1.4237415045499802,1.4223980903625488,0.4782553924216717,0.9785397350788116,1.1292816251516342,1.7168579697608948,1.8700180053710938
UC,Colonocytes Laminin,2,1.6319467425346375,1.6319467425346375,0.0010938793062517437,1.6313279509544372,1.6315599977970123,1.6323334872722626,1.6325655341148377
UC,Fibroblasts mLTo Cells (mesenchymal lymphoid tissue organizer cells),2,0.6341747343540192,0.6341747343540192,0.08670445460976269,0.5851272881031037,0.603520080447197,0.6648293882608414,0.6832221806049347
UC,GC B Dark Zone,2,2.3832956552505493,2.3832956552505493,0.45479332387692806,2.1260257005691527,2.2225019335746765,2.544089376926422,2.640565609931946
UC,Granulocytes,2,1.1436390578746796,1.1436390578746796,0.26163520223531944,0.9956358373165131,1.0511370450258255,1.2361410707235336,1.291642278432846
UC,Not predicted,0,,,,,,,
UC,T MAIT,0,,,,,,,
