celltype,lineage,is_follicle_tlo,n_A,n_B,mean_CLR_A,mean_CLR_B,delta_CLR_B_minus_A,p_value,p_adj,neglog10_p_adj,analysis_type
Brunners Gland Cells,epithelial,False,5,4,-0.9514248752509085,1.2488269227054136,2.200251797956322,,,,descriptive
CD8 Memory Exhausted,lymphoid,False,2,2,-2.367496868627182,-0.6137208179101519,1.75377605071703,,,,descriptive
CD8 Naive,lymphoid,False,2,2,-2.367496868627182,-0.6137208179101519,1.75377605071703,,,,descriptive
Arteriolar Endothelial,stroma,False,2,3,-0.25582697469585014,1.301421153484173,1.5572481281800232,,,,descriptive
Contractile Pericytes,stroma,False,2,3,-0.25582697469585014,1.2851577654276958,1.540984740123546,,,,descriptive
GC B Light Zone (GC B LZ),lymphoid,True,2,2,-2.020923278347209,-0.6137208179101519,1.4072024604370572,,,,descriptive
Gamma Delta T Cells,lymphoid,False,2,2,-2.020923278347209,-0.6137208179101519,1.4072024604370572,,,,descriptive
MAIT Cells,lymphoid,False,2,2,-2.020923278347209,-0.6137208179101519,1.4072024604370572,,,,descriptive
GC B Dark Zone (GC B DZ),lymphoid,True,2,2,-1.5627779124101315,-0.2671472276301792,1.2956306847799524,,,,descriptive
Submucosal Fibroblasts (S3),stroma,False,2,3,-0.25582697469585014,0.9582146810904538,1.2140416557863039,,,,descriptive
CD4 Naive,lymphoid,False,2,2,-1.8181907242931268,-0.6137208179101519,1.204469906382975,,,,descriptive
Venular Endothelial,stroma,False,2,3,-0.25582697469585014,0.8647806927057343,1.1206076674015844,,,,descriptive
CD4 Tr1,lymphoid,False,2,2,-1.6743496880672364,-0.6137208179101519,1.0606288701570845,,,,descriptive
CD8 Effector Memory,lymphoid,False,2,2,-0.3548210232596074,0.6687538608206165,1.023574884080224,,,,descriptive
Foveolar Cells,epithelial,False,5,4,-1.6316643515833396,-0.6348637415539706,0.9968006100293689,,,,descriptive
Mid Crypt Colonocytes,epithelial,False,5,4,-1.6316643515833396,-0.6348637415539706,0.9968006100293689,,,,descriptive
Colonocyte Progenitors,epithelial,False,5,4,-1.6316643515833396,-0.6348637415539706,0.9968006100293689,,,,descriptive
Epithelial,epithelial,False,5,4,-1.4930349154713505,-0.6348637415539706,0.8581711739173798,,,,descriptive
Enteroendocrine Cells (EEC),epithelial,False,5,4,-1.4930349154713505,-0.6348637415539706,0.8581711739173798,,,,descriptive
EEC S,epithelial,False,5,4,-1.4930349154713505,-0.6348637415539706,0.8581711739173798,,,,descriptive
EEC N,epithelial,False,5,4,-1.4930349154713505,-0.6348637415539706,0.8581711739173798,,,,descriptive
Crypt Top Colonocytes,epithelial,False,5,4,-1.4930349154713505,-0.6348637415539706,0.8581711739173798,,,,descriptive
ILC3,lymphoid,False,2,2,-1.1250435437331818,-0.2671472276301792,0.8578963161030027,,,,descriptive
Perivascular Resident Macrophages,myeloid,True,2,2,-0.8587304916058329,-0.0655870157663434,0.7931434758394895,,,,descriptive
Tolerogenic cDC2,myeloid,False,2,2,-0.8587304916058329,-0.0655870157663434,0.7931434758394895,,,,descriptive
Plasma IGG,lymphoid,False,2,2,-1.394541794099525,-0.6137208179101519,0.7808209761893732,,,,descriptive
cDC2,myeloid,False,2,2,0.29256205489119,1.0330252729017662,0.7404632180105761,,,,descriptive
M0 Macrophages,myeloid,False,2,2,1.23609687940738,1.9646344895068661,0.7285376100994863,,,,descriptive
BEST4 Colonocytes,epithelial,False,5,4,-1.3544054793593614,-0.6348637415539706,0.7195417378053908,,,,descriptive
CD4 Tfr,lymphoid,True,2,2,-1.3277760977872637,-0.6137208179101519,0.7140552798771118,,,,descriptive
Lower Crypt Colonocytes,epithelial,False,5,4,-1.2733124577377286,-0.6348637415539706,0.638448716183758,,,,descriptive
Microfold Cells (M Cells),epithelial,False,5,4,-1.2733124577377284,-0.6348637415539706,0.6384487161837578,,,,descriptive
Lymphatic Endothelial,stroma,True,2,3,0.09074661558412234,0.5690129610387666,0.4782663454546443,,,,descriptive
Monocyte Derived Dendritic Cells (MO DC),myeloid,False,2,2,-0.8587304916058329,-0.4121606060463159,0.44656988555951704,,,,descriptive
Nonclassical Monocytes,myeloid,False,2,2,-0.8587304916058329,-0.4121606060463159,0.44656988555951704,,,,descriptive
Eosinophils,myeloid,False,2,2,-0.8587304916058329,-0.4121606060463159,0.44656988555951704,,,,descriptive
Follicle Associated Resident Macrophages,myeloid,True,2,2,-0.8587304916058329,-0.4121606060463159,0.44656988555951704,,,,descriptive
Neutrophils,myeloid,False,2,2,-0.8587304916058329,-0.4121606060463159,0.44656988555951704,,,,descriptive
cDC1,myeloid,False,2,2,-0.8587304916058329,-0.4121606060463159,0.44656988555951704,,,,descriptive
migDC,myeloid,False,2,2,-0.8587304916058329,-0.4121606060463159,0.44656988555951704,,,,descriptive
pDC,myeloid,False,2,2,-0.8587304916058329,-0.4121606060463159,0.44656988555951704,,,,descriptive
Mid Villus Enterocytes,epithelial,False,5,4,3.060015329143668,3.470397307331126,0.41038197818745825,,,,descriptive
Pre Venule Capillary Endothelial (PVC),stroma,False,2,3,-0.25582697469585014,0.1514253048736441,0.4072522795694943,,,,descriptive
EEC Progenitors,epithelial,False,5,4,-0.8574241494017611,-0.4615769464139843,0.39584720298777687,,,,descriptive
Paneth Cells,epithelial,False,5,4,-0.8574241494017615,-0.6348637415539706,0.22256040784779085,,,,descriptive
Post Arteriole Capillary Endothelial (PAC),stroma,False,2,3,-0.25582697469585014,-0.07962375531300436,0.17620321938284578,,,,descriptive
NK Cells,lymphoid,False,2,2,0.12087000258310532,0.28215891670387583,0.1612889141207705,,,,descriptive
Classical Monocytes,myeloid,False,2,2,-0.5121569013258602,-0.4121606060463159,0.09999629527954434,,,,descriptive
CD4 Tfh,lymphoid,True,2,2,-0.11759203346204883,-0.06441467357609687,0.05317735988595196,,,,descriptive
Tuft Progenitors,epithelial,False,5,4,-0.6104752568032235,-0.6348637415539706,-0.024388484750747175,,,,descriptive
EEC L,epithelial,False,5,4,-0.5930729814052975,-0.6348637415539706,-0.04179076014867311,,,,descriptive
Marginal Reticular Cells (MRC),stroma,True,2,3,-0.25582697469585014,-0.3106728154996528,-0.05484584080380267,,,,descriptive
Follicular Dendritic Cells (fDC),stroma,True,2,3,-0.25582697469585014,-0.3106728154996528,-0.05484584080380267,,,,descriptive
Fibroblastic Reticular Cells (FRC),stroma,True,2,3,-0.25582697469585014,-0.3106728154996528,-0.05484584080380267,,,,descriptive
Crypt Top Fibroblasts (S2B),stroma,False,2,3,-0.25582697469585014,-0.3106728154996528,-0.05484584080380267,,,,descriptive
Capillary Endothelial,stroma,False,2,3,-0.25582697469585014,-0.3106728154996528,-0.05484584080380267,,,,descriptive
Angiogenic Pericytes,stroma,False,2,3,-0.25582697469585014,-0.3106728154996528,-0.05484584080380267,,,,descriptive
Adipocytes,stroma,False,2,3,-0.25582697469585014,-0.3106728154996528,-0.05484584080380267,,,,descriptive
Smooth Muscle Cells (SMC),stroma,False,2,3,-0.25582697469585014,-0.3106728154996528,-0.05484584080380267,,,,descriptive
Secretory Pericytes,stroma,False,2,3,-0.25582697469585014,-0.3106728154996528,-0.05484584080380267,,,,descriptive
Myofibroblasts,stroma,False,2,3,-0.25582697469585014,-0.3106728154996528,-0.05484584080380267,,,,descriptive
Glia,stroma,False,2,3,-0.25582697469585014,-0.3106728154996528,-0.05484584080380267,,,,descriptive
Mesenchymal Lymphoid Tissue Organizer Cells (mLTo Cells),stroma,True,2,3,-0.25582697469585014,-0.3106728154996528,-0.05484584080380267,,,,descriptive
Muscularis Propria Fibroblasts,stroma,False,2,3,-0.25582697469585014,-0.3106728154996528,-0.05484584080380267,,,,descriptive
Interstitial Cells of Cajal (ICC),stroma,False,2,3,-0.25582697469585014,-0.3106728154996528,-0.05484584080380267,,,,descriptive
Enterocyte Progenitors,epithelial,False,5,4,2.3843809188626075,2.306702385695895,-0.0776785331667127,,,,descriptive
Naive B,lymphoid,False,2,2,-0.5230571415702134,-0.6137208179101519,-0.09066367633993844,,,,descriptive
CD4 tTreg,lymphoid,False,2,2,-0.4986620594854978,-0.6137208179101519,-0.11505875842465407,,,,descriptive
EEC Enterochromaffin (EC),epithelial,False,5,4,-0.4353815093324435,-0.6348637415539706,-0.1994822322215271,,,,descriptive
Crypt Bottom Fibroblasts (S2A),stroma,False,2,3,0.09074661558412234,-0.3106728154996528,-0.40141943108377515,,,,descriptive
Cycling Macrophages,myeloid,False,2,2,0.03714924300819478,-0.4121606060463159,-0.44930984905451066,,,,descriptive
Mature Goblet Cells,epithelial,False,5,4,-0.15661319598138856,-0.6348637415539706,-0.47825054557258206,,,,descriptive
Transiently Amplifying Cells (TA),epithelial,False,5,4,1.8606824157118194,1.2390217444170932,-0.6216606712947261,,,,descriptive
CD4 pTreg,lymphoid,False,2,2,0.0506440848485572,-0.6137208179101519,-0.6643649027587091,,,,descriptive
CD8 IEL,lymphoid,False,2,2,0.9621500912146368,0.28215891670387583,-0.679991174510761,,,,descriptive
Secretory Progenitors,epithelial,False,5,4,0.5417290818592088,-0.28829015127399793,-0.8300192331332067,,,,descriptive
Plasma Cells,lymphoid,False,2,2,0.6981163761143883,-0.2671472276301792,-0.9652636037445674,,,,descriptive
Lower Villus Enterocytes,epithelial,False,5,4,4.079780789468429,3.070158521421516,-1.009622268046913,,,,descriptive
Medullary Sinus Endothelial,stroma,True,2,3,1.0981981258552547,-0.07962375531300436,-1.177821881168259,,,,descriptive
Tuft Cells,epithelial,False,5,4,0.6161175650731129,-0.6348637415539706,-1.2509813066270836,,,,descriptive
Memory B,lymphoid,False,2,2,1.0337005130349735,-0.2671472276301792,-1.3008477406651526,,,,descriptive
NKT Cells,lymphoid,False,2,2,2.1651026245260745,0.7725735432097387,-1.3925290813163358,,,,descriptive
CD4 Th17,lymphoid,False,2,2,2.944676717204123,1.4334514632008986,-1.5112252540032245,,,,descriptive
CD8 Circulating Effector Memory,lymphoid,False,2,2,1.5925447308994354,0.07942636264979352,-1.5131183682496419,,,,descriptive
BEST4 Enterocytes,epithelial,False,5,4,1.872400918691973,0.29955366301687136,-1.5728472556751016,,,,descriptive
CD4 Memory,lymphoid,False,2,2,3.530218964211791,1.920731283199964,-1.609487681011827,,,,descriptive
Villus Tip Enterocytes,epithelial,False,5,4,2.3565763388701617,0.484470462065581,-1.8721058768045808,,,,descriptive
Goblet Cells,epithelial,False,5,4,1.4689174507901779,-0.6348637415539706,-2.1037811923441483,,,,descriptive
CD8 TRM,lymphoid,False,2,2,4.496286868544576,2.285825509320111,-2.2104613592244653,,,,descriptive
Intestinal Stem Cells (ISC),epithelial,False,5,4,2.4824133360472,0.05828343900597477,-2.424129897041225,,,,descriptive
Plasma IGA,lymphoid,False,2,2,3.600264617282165,0.7725735432097387,-2.827691074072426,,,,descriptive
Mast Cells,myeloid,False,2,2,3.602398618145698,0.627560164793602,-2.9748384533520964,,,,descriptive
Homeostatic Macrophages,myeloid,False,2,2,3.931255021931733,0.6275601647936018,-3.3036948571381313,,,,descriptive
Lamina propria Fibroblasts (S1),stroma,False,2,3,3.8368481368934932,-0.3106728154996528,-4.147520952393146,,,,descriptive
