Lineage,Differentia,Habitus,Status,Whim,closest_GCA_celltype,markers,neg_markers
Epithelial,,,,,Epithelial,"KRT19, EPCAM, ELF3",
Epithelial,Enterocytes,,,,Enterocytes,CCL25,
Epithelial,Enterocytes,Early,,,Enterocytes Early,"FABP4, ALDOB, ANPEP, PRAP1, FABP1",
Epithelial,Enterocytes,Late,,,Enterocytes Late,"APOA1, APOC3, APOB, GUCA2A, CDHR5, DUOX2",
Epithelial,Enterocytes,BEST4+ Cells,,,Enterocytes BEST4,"BEST4, OTOP2, KLK15, SPIB, CA7, CFTR",
Epithelial,Colonocytes,,,,Colonocytes,"ADH1C, CD24, CA1, CA2, PLA2G2A, PLAC8",
Epithelial,Colonocytes,Early,,,Colonocytes Early,"LEFTY1
ADH1C, SPINK5",
Epithelial,Colonocytes,Late,,,Colonocytes Late,"CEACAM5, FABP1,
AQP8+, TFF1, SLC26A3, CEACAM7, GUCA2A",
Epithelial,Colonocytes,Late,Laminin colonocytes,,Colonocytes Laminin,"LAMA3, MUC17, LMC2, LMO7",
Epithelial,Colonocytes,BEST4+ Cells,,,Colonocytes BEST4,"BEST4, SPIB, OTOP2, CA7",
Epithelial,Follicle associated enterocyte (FAE),,,,Follicle associated enterocyte (FAE),"CCL20, IL15, CCL25, ANPEP",
Epithelial,Epithelial Stem Cells (LGR5+),,,,Epithelial Stem Cells (LGR5+),"LGR5, ASCL2, SMOC2, RGMB",
Epithelial,Enteroendocrine Cells (EEC),,,,Enteroendocrine Cells (EEC),"CHGA, CHGB, NEUROD1, PCSK1N, FXYD3, CPE, SCG5, CA2, SLC26A2, SLC4A4",
Epithelial,Enteroendocrine Cells (EEC),EEC Progenitor,,,EEC Progenitor,NEUROG3,
Epithelial,Enteroendocrine Cells (EEC),I Cells (CCK+),,,EEC I Cells (CCK+),CCK,
Epithelial,Enteroendocrine Cells (EEC),S Cells (SCT+),,,EEC S Cells (SCT+),SCT,
Epithelial,Enteroendocrine Cells (EEC),Mo Cells (MLN+),,,EEC Mo Cells (MLN+),MLN,
Epithelial,Enteroendocrine Cells (EEC),Enterochromaffin Cells,,,EEC Enterochromaffin Cells,"CHGA, TPH1, GULP1, IGFBP3",
Epithelial,Enteroendocrine Cells (EEC),L Cells (PYY+),,,EEC L Cells (PYY+),"PYY, INSL5, GCG, TNNC1",
Epithelial,Enteroendocrine Cells (EEC),K Cells (GIP+),,,EEC K Cells (GIP+),GIP,
Epithelial,Enteroendocrine Cells (EEC),D Cells (SST+),,,EEC D Cells (SST+),SST,
Epithelial,Enteroendocrine Cells (EEC),N Cells,,,EEC N Cells,NTS,
Epithelial,Enteroendocrine Cells (EEC),Gastric Enteroendocrine Cells,,,EEC Gastric Enteroendocrine Cells,,
Epithelial,Enteroendocrine Cells (EEC),Gastric Enteroendocrine Cells,G Cells,,EEC G Cells,"GAST, ERO1B,PGC",
Epithelial,Enteroendocrine Cells (EEC),Gastric Enteroendocrine Cells,Enterochromaffin-like Cells (ECL Cells),,EEC Enterochromaffin-like Cells (ECL Cells),TPH1,
Epithelial,Enteroendocrine Cells (EEC),Gastric Enteroendocrine Cells,D Cells,,EEC D Cells,SST,
Epithelial,Secretory,,,,Secretory Cells,,
Epithelial,Secretory,Brunner's Gland,,,Secretory Brunners Gland Cells,"MUC6, PGC, TFF2",
Epithelial,Secretory,Paneth Cells,,,Secretory Paneth Cells,"DEFA5, DEFA6, LYZ, PRSS2, ITLN2, REG3A, PLA2G2A",
Epithelial,Secretory,Tuft Cells,,,Secretory Tuft Cells,"POU2F3, SH2D6, LRMP, TRPM5, SOX4, CD24, SPIB",
Epithelial,Secretory,Goblet Cells,,,Secretory Goblet Cells,"CLCA1, TFF3, MUC2, SPINK4, REG4, ITLN1, FXYD3",
Epithelial,Secretory,Goblet Cells,Mature goblet cells,,Secretory Goblet cells Mature,TFF1,
Epithelial,Secretory,secretory,,,Secretory Progenitors,"ATOH1, TFF3, CLCA1, HEPACAM2, ANXA13, PHLDA2, KLK1",
Epithelial,Foveolar Cells,,,,,"TFF2, TFF1, MUC5AC, AGR2",
Epithelial,Parietal Cells,,,,,"GPR155, CBLIF, ATP4A, ATP4B",
Epithelial,Chief Cells,,,,,"PGA5, LIPF",
Epithelial,Neck Cells,,,,,"MUC6, PGA3, LYZ, FUT9",
Epithelial,Microfold Cells (M Cells),,,,Microfold Cells (M Cells),"TGM2,NOS2,CCL20,REG3G, RANK, GP2, SPIB, SOX8, CLU, TNFAIP2, CCL23, MIA",
Epithelial,Transiently Amplifying Cells (TA),,,,Transiently Amplifying Cells (TA),"MCM5, TOP2A, CCNA2, PCLAF, HELLS, PCNA, MKI67",
Epithelial,Transiently Amplifying Cells (TA),cycling,,,Cycling Epithelial Cells,"MCM5, TOP2A, CCNA2, PCLAF, HELLS, PCNA, MKI67",
Epithelial,Transiently Amplifying Cells (TA),absorptive,,,Absorptive Progenitors,"NOTCH1, EDN1",
Stromal,,,,,Stromal,,
Stromal,Endothelial,,,,Endothelial,"PECAM1, CDH5, PLVAP",
Stromal,Endothelial,Arteriolar,,,Endothelial Arteriolar,"PLVAP, TM4SF1, SEMA3G, MGP, IGFBP4",
Stromal,Endothelial,Capillary,,,Endothelial Capillary,"CD36, CLDN5, RAMP2, FLT1, IGFBP7",
Stromal,Endothelial,Capillary,Post arteriole capillary (PAC),,Endothelial Post arteriole capillary (PAC),"RGCC,FCN3",
Stromal,Endothelial,Capillary,Pre venule capillary (PVC),,Endothelial Pre venule capillary (PVC),"LITAF, ICAM1",
Stromal,Endothelial,Venular,,,Endothelial Venular,"ACKR1, VWF, SELP, MADCAM1, ADGRG6",
Stromal,Endothelial,Lymphatic,,,Endothelial Lymphatic,"LYVE1, PROX1,MMRN1, MRC1",
Stromal,Endothelial,Lymphatic,Lacteals,,Endothelial Lacteals,,
Stromal,Mesothelial,,,,Mesothelial,"WT1, MSLN",
Stromal,Fibroblasts,,,,Fibroblasts,"ADAMDEC1, FABP4, WNT5A, WNT5B, WNT2, LUM, COL3A1, CXCL6, CXCL14, FBLN1",
Stromal,Fibroblasts,Subepithelial fibroblasts (S2),,,Fibroblasts Subepithelial (S2),"PDGFRA, BMP4, F3, NPY, CD34, TRPA1, SOX6, WNT5A, POSTN",
Stromal,Fibroblasts,Subepithelial fibroblasts (S2),Crypt Top (S2B),,Fibroblasts Crypt Top (S2B),"NRG1, NPY",
Stromal,Fibroblasts,Subepithelial fibroblasts (S2),Crypt Bottom (S2A),,Fibroblasts Crypt Bottom (S2A),VSTM2A,
Stromal,Fibroblasts,Lamina propria fibroblasts (S1),,,Fibroblasts Lamina propria (S1),"ADAMDEC1,ABCA8, FABP4",
Stromal,Fibroblasts,Submucosal Fibroblasts (aka Crypt Support/Trophocytes/S3),,,Fibroblasts Submucosal (aka Crypt Support/Trophocytes/S3),"GREM1,C7, OLFM4, PTGS2, THY1, SEMA3A, GLI1",
Stromal,Fibroblasts,mLTo Cells (mesenchymal lymphoid tissue organizer cells),,,Fibroblasts mLTo Cells (mesenchymal lymphoid tissue organizer cells),,
Stromal,Fibroblasts,Fibroblastic reticular cells,,,Fibroblastic reticular cells,"CCL19, CCL21,TNFSF13B, CXCL13,",
Stromal,Fibroblasts,Follicular Dendritic Cells (fDC),,,Fibroblasts Follicular Dendritic Cells (fDC),"CR1, CR2",
Stromal,Fibroblasts,Subserosal Fibroblasts,,,Fibroblasts Subserosal,"DPT, C7, POSTN",
Stromal,Fibroblasts,Muscularis Propria Fibroblasts,,,Fibroblasts Muscularis Propria,"DPT, C7, KCNN3, CA8, PLCB4",
Stromal,Fibroblasts,Myofibroblasts,,,Fibroblasts Myofibroblasts,"ACTA2, TAGLN,DCN",
Stromal,Fibroblasts,Interstitial Cells of Cajal (ICC),,,Fibroblasts Interstitial Cells of Cajal (ICC),"KIT, ETV1,ANO1",
Stromal,Pericytes,,,,Pericytes,"RGS5, PDGFRB,NOTCH3, PECAM1, MCAM, CSPG4",
Stromal,Pericytes,Angiogenic Pericytes,,,Pericytes Angiogenic,HIGD1B,
Stromal,Pericytes,Contractile Pericytes,,,Pericytes Contractile,"RERGL, NTRK2",
Stromal,Pericytes,Immature Pericytes,,,Pericytes Immature,"NDUFA4L2, PDGFRB, CSPG4",
Stromal,Pericytes,Secretory Pericyte,,,Pericytes Secretory,"MUSTN1, PLN",
Stromal,Glia,,,,Glia,"NRXN1, S100B, SOX10,CDH19, CRYAB, PLP1, SPP1, FXYD1",
Stromal,Glia,Differentiating Glia,,,Glia Differentiating,,
Stromal,Glia,Progenitor Glia,,,Glia Progenitor,,
Stromal,Glia,Intra-Ganglionic Glia,,,Glia Intra-Ganglionic,"APOE, FRZB, RLBP1, CRYM",
Stromal,Glia,Intra-Ganglionic Glia,Myenteric Plexus Glia /Type I,,Glia Myenteric Plexus / Type I,"TF, BCAN, CACLB",
Stromal,Glia,Intra-Ganglionic Glia,Submucosal Plexus Glia / Type I,,Glia Submucosal Plexus / Type I,"ENTPD2, SFRP5",
Stromal,Glia,Extra-Ganglionic Glia,,,Glia Extra-Ganglionic,GFRA3,
Stromal,Glia,Extra-Ganglionic Glia,Mucosal/Type III,,Glia Mucosal/Type III,"RELN, MBP, PLLP",
Stromal,Glia,Extra-Ganglionic Glia,Muscularis propria/Type IV,,Glia Muscularis propria/Type IV,"SLC5A7, APOD, KCNS3",
Stromal,Smooth Muscle Cells (SMC),,,,Smooth Muscle Cells (SMC),"DES,TAGLN, MYH11, ACTG2",
Stromal,Smooth Muscle Cells (SMC),Outer Muscle Cells,,,SMC Outer Muscle Cells,,FOXF2
Stromal,Smooth Muscle Cells (SMC),Inner Muscle Cells,,,SMC Inner Muscle Cells,"FOXF2, MORN5",
Stromal,Adipocytes,,,,Adipocytes,"PLIN1, LPL",
Immune,,,,,Immune,,
Immune,Lymphoid,,,,Lymphoid,,
Immune,Lymphoid,B Cell Lineage,,,B Cell Lineage,"MS4A1, CD79A, IGHD, IGLC2, IGKC, CD19",
Immune,Lymphoid,B Cell Lineage,Plasma Cells,,Plasma Cells,"IG*, JCHAIN",
Immune,Lymphoid,B Cell Lineage,Plasma Cells,IGA,Plasma IGA,IGHA*,
Immune,Lymphoid,B Cell Lineage,Plasma Cells,IGE,Plasma IGE,IGHE*,
Immune,Lymphoid,B Cell Lineage,Plasma Cells,IGG,Plasma IGG,IGHG*,
Immune,Lymphoid,B Cell Lineage,Plasma Cells,IGM,Plasma IGM,IGHM,
Immune,Lymphoid,B Cell Lineage,Germinal Center B Cells (GC),,GC B Germinal Center,,
Immune,Lymphoid,B Cell Lineage,Germinal Center B Cells (GC),Dark Zone,GC B Dark Zone,"CXCR4, AICDA, RGS13, NEIL1, BCL7A",
Immune,Lymphoid,B Cell Lineage,Germinal Center B Cells (GC),Light Zone,GC B Light Zone,"BANK1, TNFRSF13C, CD83",
Immune,Lymphoid,B Cell Lineage,Memory B Cells,,B Memory,"CD69, SELL, CD27, HLA-DRA",
Immune,Lymphoid,B Cell Lineage,Naive B Cells,,B Naive,"IGHM, IGHD",CD27
Immune,Lymphoid,B Cell Lineage,Atypical B Cells,,B Atypical,"FCRL4, ITGAX",
Immune,Lymphoid,B Cell Lineage,Marginal zone B cells (MZB),,B Marginal zone (MZB),"PRBM1,XBP1",
Immune,Lymphoid,B Cell Lineage,Cycling B cells,,B Cycling,"MKI67, HMGB2, BCL6, TUBA1A",
Immune,Lymphoid,T Cells,,,T Cells,"CD3D, CD3E, TRAC",
Immune,Lymphoid,T Cells,CD4 T Cells,,CD4 T,CD4,
Immune,Lymphoid,T Cells,CD4 T Cells,Tfh,CD4 Tfh,"BCL6, CXCR5, CD40LG, CXCL13",
Immune,Lymphoid,T Cells,CD4 T Cells,Th1,CD4 Th1,"CD4, TBX21, IFNG, TNF",
Immune,Lymphoid,T Cells,CD4 T Cells,Th17,CD4 Th17,"RORC, IL17A, IL22, IL21, CSF2,IL23R",
Immune,Lymphoid,T Cells,CD4 T Cells,Th2,CD4 Th2,"GATA3, IL4, IL10, IL13",
Immune,Lymphoid,T Cells,CD4 T Cells,Treg,CD4 Treg,"IL2RA, FOXP3, CTLA4, PDCD1, TIGIT, ICOS",
Immune,Lymphoid,T Cells,CD4 T Cells,Naive,CD4 Naive,"CD4, CCR7, LEF1, IL7R, KLF2, S1PR5, SELL",
Immune,Lymphoid,T Cells,CD4 T Cells,Memory,CD4 Memory,,
Immune,Lymphoid,T Cells,CD8 T Cells,,CD8 T,"CD8A, CD8B",
Immune,Lymphoid,T Cells,CD8 T Cells,Effector/Memory,CD8 Effector/Memory,"IL2, GZMA, GZMK, GZMB, KLRG1",
Immune,Lymphoid,T Cells,CD8 T Cells,Circulating Effector/Memory,CD8 Circulating Effector/Memory,"FGFBP2, CX3CR1, GZMH, GZMK",
Immune,Lymphoid,T Cells,CD8 T Cells,Memory/Exhausted,CD8 Memory/Exhausted,"LAG3, HAVCR2, PDCD1, LAYN, CTLA4, BATF",
Immune,Lymphoid,T Cells,CD8 T Cells,TRM (resident memory T cell),CD8 TRM,"CD8A, CD8B, ITGAE, CD69,ITGA1,RORA",
Immune,Lymphoid,T Cells,CD8 T Cells,IEL,CD8 IEL,"ITGAE, CD160, KLRC2, KIR2DL4, NCR1, NCR2, NCR3, CD7, 2B4",
Immune,Lymphoid,T Cells,CD8 T Cells,Naive,CD8 Naive,"CD8A, LEF1, CCR7",
Immune,Lymphoid,T Cells,CD8 T Cells,Tc17,CD8 Tc17,"IL17A, IL23R, LAYN, IFNG",
Immune,Lymphoid,T Cells,CD8 T Cells,Memory,CD8 Memory,,
Immune,Lymphoid,T Cells,Unconventional T Cells,,T Unconventional,,
Immune,Lymphoid,T Cells,Unconventional T Cells,Gamma-Delta,T GammaDelta,"TRGC1, TRDC, TRDV1, TRDV2, TRDV3, KLRK1",
Immune,Lymphoid,T Cells,Unconventional T Cells,MAIT,T MAIT,"LGALS3, ZBTB16, TRAV1-2, TRAJ33",
Immune,Lymphoid,T Cells,Unconventional T Cells,NK T Cells,NKT,"FCER1G, HOPX, TRAV24",
Immune,Lymphoid,T Cells,Cycling,,T Cycling,"MKI67, STMN1, TOP2A",
Immune,Lymphoid,ILC,,,ILC,"CTSW, KLRF1, KLRD1, KIT, NCR2",
Immune,Lymphoid,ILC,NK Cells,,NK Cells,"GNLY, EOMES, PRF1, NKG7",
Immune,Lymphoid,ILC,ILC1,,ILC1,,
Immune,Lymphoid,ILC,ILC2,,ILC2,"CRTH2, GATA3, PTGDR2, HPGDS, IL1RL1, KRT1",
Immune,Lymphoid,ILC,ILC3,,ILC3,"KRT86, RORC, IL7R",
Immune,Lymphoid,ILC,ILC Progenitor,,ILC Progenitor,,
Immune,Myeloid,,,,Myeloid,"C1QB, C1QA, CXCL5",
Immune,Myeloid,Monocytes,,,Monocytes,"CD14, FCN1, LYST, AREG, PLAUR 
CD300E, VCAN",
Immune,Myeloid,Macrophages,,,Macrophages,"NRG1, KLF4, GPR183, C1QB, CCL3L3, MS4A6A, MS4A7, CXCL2",
Immune,Myeloid,Macrophages,Cycling,,Macrophages Cycling,,
Immune,Myeloid,Macrophages,Tissue Resident,,Macrophages Tissue Resident,"C1QA, C1QB, C1QC, SELENOP","CD209, FOLR2, CD163L1"
Immune,Myeloid,Macrophages,M2,,Macrophages M2,"CD209, CD163L1, FOLR2, MRC1",
Immune,Myeloid,Macrophages,M1,,Macrophages M1,"TNF,CLL2,CLL3, IL1B",
Immune,Myeloid,Dendritic Cells,,,Dendritic Cells (DC),"CCR7, CCL22, LAMP3, IDO1, ITGAX, CD207, FSCN1",
Immune,Myeloid,Dendritic Cells,migDC,,DC migDC,"LAMP3, IDO1, CCR7, CD40",
Immune,Myeloid,Dendritic Cells,cDC1,,DC cDC1,"CLEC9A, C1orf54, XCR1, DNASE1L3, SHTN1",
Immune,Myeloid,Dendritic Cells,cDC2,,DC cDC2,"CD1C, TCTN3, FCER1A, CLEC10A, SPI1, SIRPA",
Immune,Myeloid,Dendritic Cells,pDC,,pDC,"LILRA4, PLD4, IL3RA, CLIC3, CLEC4C",
Immune,Myeloid,Dendritic Cells,"Monocyte derived dendritic cell
(MO DC)",,"DC Monocyte derived dendritic cell
(MO DC)","MSR1, NPR2",
Immune,Myeloid,Granulocytes,,,Granulocytes,"CLC, IL4, CPA3, FCGR2B",
Immune,Myeloid,Granulocytes,Mast Cells,,Granulocytes Mast Cells,"CPA3, TPSB2, TPSAB1, CTSG, HPGDS, KIT",
Immune,Myeloid,Granulocytes,Neutrophils,,Granulocytes Neutrophils,"PROK2, IFIT2, CCL3L1, CXCR4, HCAR3, G0S2",
Immune,Myeloid,Granulocytes,Basophils,,Granulocytes Basophils,,
Immune,Myeloid,Granulocytes,Eosinophils,,Granulocytes Eosinophils,"CLC, IL4",
Immune,Myeloid,Megakaryocytes,,,Megakaryocytes,"GP9, LCN2",
Immune,Myeloid,Red Blood Cells (RBC),,,Red Blood Cells (RBC),"HBB, HBA",
Neurons,,,,,Neurons,"RET,SNAP25, SLC17A7, RBFOX3, ENO2, SLC12A5",
Neurons,Excitory,,,,Neurons Excitory,,
Neurons,Inhibitory,,,,Neurons Inhibitory,,
Neurons,Neuroendocrine,,,,Neurons Neuroendocrine,,