lineage,dataset_id,dataset_name,label_id,label_name,full_name,cell_count,cap_marker_genes,cap_canonical_marker_genes,cap_synonyms,cap_rationale,cap_rationale_dois,cap_ontology_term,cap_ontology_term_id,score_agree,score_disagree,score_idk,n_feedback
epithelial,2166,HCA Gut Cell Atlas v1 Epithelial Lineage,663128,Colonocytes Late,Late colonocytes,17098,"CEACAM5,FABP1,AQP8,TFF1,SLC26A3,CEACAM7,GUCA2A","AQP8,SLC26A3,CEACAM5",unknown,"mature/late colonocytes are defined here by ion regulation genes (SLC, AQP) and cell adhesion markers (CEACAM)",,colonocyte,CL:1000347,3,0,1,4
epithelial,2166,HCA Gut Cell Atlas v1 Epithelial Lineage,663127,Colonocytes Laminin,Laminin producing colonocytes,2686,"LAMA3,MUC17,LMC2,LMO7","LAMA3,MUC17,LAMC2",unknown,"We found a common subcluster of hypothetically basement membrane laminin producing specialized colonocytes which we separate as an outgroup here based on multiple basement membrane scaffold proteins, LAMA and MUC17",,colonocyte,CL:1000347,2,1,1,4
epithelial,2166,HCA Gut Cell Atlas v1 Epithelial Lineage,663126,Secretory Goblet Cells,goblet cell,34138,"CLCA1,TFF3,MUC2,SPINK4,REG4,ITLN1,FXYD3","MUC2,TFF3,SPINK4",unknown,"Intestinal goblet cells which produce mucus. These are easily found in scRNA data with MUC2, TFF3, and REG4",,goblet cell,CL:0000160,1,5,3,9
epithelial,2166,HCA Gut Cell Atlas v1 Epithelial Lineage,663124,Absorptive TA,Transiently amplifying cells with predominant absorptive signature,23643,"NOTCH1,EDN1","NOTCH1,EDN1,ALDOB",unknown,NOTCH1 and low expression of absorptive markers such as FABP or ALDOB show an early bias towards absorptive lineage,,transit amplifying cell,CL:0009010,0,2,0,2
epithelial,2166,HCA Gut Cell Atlas v1 Epithelial Lineage,663123,Cycling TA,Transiently amplifying cells with predominant cycling signature,10579,"MCM5,TOP2A,CCNA2,PCLAF,HELLS,PCNA,MKI67","MKI67,TOP2A,CCNA2",unknown,TA with ONLY cell cycle markers,,transit amplifying cell,CL:0009010,0,2,0,2
epithelial,2166,HCA Gut Cell Atlas v1 Epithelial Lineage,663125,Colonocytes Early,Early colonocytes,14960,"LEFTY1,ADH1C,SPINK5","LEFTY1,SPINK5,ADH1C",unknown,"Residual developmental signaling, LEFTY1, and newly upregulated colon microenvironment related genes point to an earlier colonocyte subtype",,colonocyte,CL:1000347,0,2,0,2
epithelial,2166,HCA Gut Cell Atlas v1 Epithelial Lineage,663137,Epithelial Stem Cells (LGR5+),intestinal crypt stem cell,8538,LGR5,"LGR5,OLFM4",unknown,LGR5 expression is a clear determinant of epith stem cells,,intestinal crypt stem cell,CL:0002250,4,1,0,5
epithelial,2166,HCA Gut Cell Atlas v1 Epithelial Lineage,663147,Secretory Paneth Cells,paneth cell,468,"DEFA5,DEFA6,LYZ,PRSS2,ITLN2,REG3A,PLA2G2A","DEFA5,LYZ,PLA2G2A",unknown,Paneth cells are found mostly in small intestine and are identified here with defensins DEFA* alongside high PLA2G2A. These are even rarer than tuft cells,,paneth cell,CL:0000510,3,0,0,3
epithelial,2166,HCA Gut Cell Atlas v1 Epithelial Lineage,663148,Plasma Cells,plasma cell,135,"JCHAIN,IG* genes","JCHAIN,IG* genes",unknown,Cells of other lineages are sometimes sorted by the border of broad clusters. These appear to be plasma cells of lymphoid lineage,,plasma cell,CL:0000786,1,3,1,5
epithelial,2166,HCA Gut Cell Atlas v1 Epithelial Lineage,663149,EEC S Cells (SCT+),type S enteroendocrine cell,177,SCT,"SCT,GIPR,SLC5A1",unknown,SCT alone is enough to identify,,type S enteroendocrine cell,CL:0002281,2,0,0,2
epithelial,2166,HCA Gut Cell Atlas v1 Epithelial Lineage,663150,Monocytes,monocyte,259,"CD14,FCN1,LYST,AREG,PLAUR,CD300E,VCAN","CD14,LST1,VCAN",unknown,Cells of other lineages are sometimes sorted by the border of broad clusters. These appear to be monocytes of myeloid lineage,,monocyte,CL:0000576,0,4,0,4
epithelial,2166,HCA Gut Cell Atlas v1 Epithelial Lineage,663151,junk,NA,3016,NA,NA,NA,NA,NA,NA,NA,0,1,2,3
epithelial,2166,HCA Gut Cell Atlas v1 Epithelial Lineage,663152,doublets,NA,1617,NA,NA,NA,A Cell Annotation Platform (CAP) term used to identify a row in a “cell by gene” table that appears to contain combined data from a pair of cells rather than data from one cell and should therefore be discarded.,NA,NA,NA,1,3,1,5
epithelial,2166,HCA Gut Cell Atlas v1 Epithelial Lineage,663146,Enterocytes BEST4,BEST4+ enterocyte,2160,"BEST4,OTOP2,KLK15,SPIB,CA7,CFTR","BEST4,OTOP2,CA7",unknown,A BEST4 enterocyte population is annotated for some clusters enriched in SI. These tend to have other antimicrobial/mucus regulating/ionic gradient enzymes upregulated as well,,BEST4+ enterocyte,CL:4030026,2,0,0,2
epithelial,2166,HCA Gut Cell Atlas v1 Epithelial Lineage,663145,EEC N Cells,type N enteroendocrine cell,606,NTS,"NTS,CHGA,PCSK1",unknown,NTS alone is enough to identify,,type N enteroendocrine cell,CL:0002280,3,0,0,3
epithelial,2166,HCA Gut Cell Atlas v1 Epithelial Lineage,663144,Enterocytes Late,Late enterocytes,56355,"APOA1,APOC3,APOB,GUCA2A,CDHR5,DUOX2","APOA1,APOB,CDHR5",unknown,"Enterocytes which are maturing closer to the lumen upregulate lipid packaging (APO) and DUOX2, an antimicrobial oxidase most active in the apical cells of the villi.",,intestinal absorptive cell,CL:0000584,2,0,0,2
epithelial,2166,HCA Gut Cell Atlas v1 Epithelial Lineage,663143,EEC Progenitor,intestinal enteroendocrine progenitor,265,NEUROG3,"NEUROG3,DLL1",unknown,NEUROG3 expression identifies EEC subclusters that are just starting their differentiation away from secretory progenitor / epithstem identity towards EEC subtypes,10.1038/s41467-021-27901-5,intestinal enteroendocrine progenitor,CL:4052006,2,0,0,2
epithelial,2166,HCA Gut Cell Atlas v1 Epithelial Lineage,663142,Enteroendocrine Cells (EEC),enteroendocrine cell,195,"CHGA,CHGB,NEUROD1,PCSK1N,FXYD3,CPE,SCG5,CA2,SLC26A2,SLC4A4","CHGA,CHGB,NEUROD1",unknown,"This is the broader term for EEC when a subtype could not be identified. These are identified by CHGA and CHGB, and their canonical differentiation marker NEUROD1.",10.1038/s41467-021-27901-5,enteroendocrine cell,CL:0000164,2,1,0,3
epithelial,2166,HCA Gut Cell Atlas v1 Epithelial Lineage,663141,EEC Enterochromaffin Cells,type EC enteroendocrine cell,1237,"CHGA,TPH1,GULP1,IGFBP3","TPH1,CHGA,TAC1",unknown,EEC which produce primarily TPH1 and CHGA. TPH1 differentiates from broader EEC label,,type EC enteroendocrine cell,CL:0000577,2,0,0,2
epithelial,2166,HCA Gut Cell Atlas v1 Epithelial Lineage,663140,EEC L Cells (PYY+),type L enteroendocrine cell,473,"PYY,INSL5,GCG,TNNC1","PYY,GCG,INSL5",unknown,PYY alone is enough to identify,,type L enteroendocrine cell,CL:0002279,2,0,0,2
epithelial,2166,HCA Gut Cell Atlas v1 Epithelial Lineage,663139,Colonocytes BEST4,BEST4+ colonocyte,4709,"BEST4,SPIB,OTOP2,CA7","BEST4,OTOP2,SPIB",unknown,"BEST4 is found to differentiate a subcluster of colonocytes across multiple gut epithelial datasets, and is often the only marker needed to identify this subset",,BEST4+ colonocyte,CL:4047052,3,0,0,3
epithelial,2166,HCA Gut Cell Atlas v1 Epithelial Lineage,663138,Enterocytes,enterocyte,31595,"CCL25,EPCAM,KRT*,ELF3","EPCAM,KRT8,KRT18",unknown,"Enterocytes here are the absorptive epithelial cells of the small intestine. These express high levels of keratin and mitochondrial genes and are unique in each suborgan - duodenum and ileum. We should think about how to categorize duodenal vs. jejunal vs ileal enterocytes. EPCAM is the lineage defining marker here but does not appear in single cell data. Here, enterocytes are subdivided into early and late lifecycle subtypes, when neither of these can be determined, the broader label is used",,enterocyte,CL:0000584,1,1,1,3
epithelial,2166,HCA Gut Cell Atlas v1 Epithelial Lineage,663136,Transiently Amplifying Cells (TA),transit amplifying cell,15865,"MCM5,TOP2A,CCNA2,PCLAF,HELLS,PCNA,MKI67","MKI67,PCNA,MCM5",unknown,"TA are defined as rapidly cycling epithelial progenitors that sit between stem cells and differentiated absorptive, secretory, or defensive cells. Usually defined by a strong cycling signature, we split these into absorptive/secretory/cycling subtypes with weaker lineage specific signatures than their descendants",,transit amplifying cell,CL:0009010,0,2,0,2
epithelial,2166,HCA Gut Cell Atlas v1 Epithelial Lineage,663135,Microfold Cells (M Cells),M cell of gut,611,"TGM2,NOS2,CCL20,REG3G,RANK,GP2,SPIB,SOX8,CLU,TNFAIP2,CCL23,MIA","SPIB,GP2,TGM2",unknown,Antigen sampling cells that transport lumen antigens to the immune compartment below them. These can be difficult to identify because canonical markers like SPIB are found in enterocytes as well. Some subclusters were high in NOS2 and TGM2 so we gave this label,,M cell of gut,CL:0000682,3,0,0,3
epithelial,2166,HCA Gut Cell Atlas v1 Epithelial Lineage,663134,Secretory Tuft Cells,tuft cell,3533,"POU2F3,SH2D6,LRMP,TRPM5,SOX4,CD24,SPIB,IRAG2","POU2F3,TRPM5,LRMP",unknown,"Tuft cells are rare in single cell data, these often have POU2F3 in gene lists but LRMP is a more distinct marker",,tuft cell,CL:0002204,3,1,0,4
epithelial,2166,HCA Gut Cell Atlas v1 Epithelial Lineage,663133,Enterocytes Early,Early enterocytes,26890,"FABP4,ALDOB,ANPEP,PRAP1,FABP1","ANPEP,ALDOB,FABP1",unknown,"Enterocytes which have developed into absorptive lineage from TA and progenitor subtypes first express ANPEP, ALDOB, and other enzymes",,intestinal absorptive cell,CL:0000584,1,2,1,4
epithelial,2166,HCA Gut Cell Atlas v1 Epithelial Lineage,663132,Secretory Goblet cells Mature,goblet cell,1005,"CLCA1,TFF3,MUC2,SPINK4,REG4,ITLN1,FXYD3","MUC2,TFF3,SPINK4",chalice cell,"Intestinal goblet cells which produce mucus. These are easily found in scRNA data with MUC2, TFF3, and REG4",,goblet cell,CL:0000160,1,3,0,4
epithelial,2166,HCA Gut Cell Atlas v1 Epithelial Lineage,663131,Colonocytes,colonocyte,5013,"ADH1C,CD24,CA1,CA2,PLA2G2A,PLAC8","CA1,CA2,CEACAM7",unknown,"Colonocytes are the absorptive epithelial cells of the large intestine. Similar to enterocytes, these are subdivided into early and late stage, and when neither of these can be determined, this broader description is used. Hypoxia-related markers are used to differentiate colonocytes from other absorptive epithelial cells due to the less regulated tissue microenvironment.",,colonocyte,CL:1000347,1,1,0,2
epithelial,2166,HCA Gut Cell Atlas v1 Epithelial Lineage,663130,Follicle associated enterocyte (FAE),follicle associated enterocyte,1660,"CCL20,IL15,CCL25,ANPEP","CCL20,GP2,RANK",unknown,"a high abundance of CCL genes and IL15 in absorptive epithelial subclusters points to a potentially follicle associated enterocyte group. CCL20 is the canonical marker for these, but isn't found in marker lists.",,follicle associated enterocyte,CL:4052011,0,1,1,2
epithelial,2166,HCA Gut Cell Atlas v1 Epithelial Lineage,663129,Secretory TA,Transiently amplifying cells with predominant secretory signature,5373,"ATOH1,TFF3,CLCA1,HEPACAM2,ANXA13,PHLDA2,KLK1","ATOH1,HEPACAM2,ANXA13",unknown,"TA biased towards secretory fate, we also define these with distinct differentiation markers HEPACAM2 and ANXA13",,transit amplifying cell,CL:0009010,2,2,0,4
myeloid,2167,HCA Gut Cell Atlas v1 Myeloid Lineage,663560,Macrophages Cycling,cycling macrophage,1136,"NRG1,KLF4,GPR183,C1QB,CCL3L3,MS4A6A,MS4A7,CXCL2,MKI67,STMN,H2*","MKI67,STMN1,H2AFZ",proliferating macrophages,"Coexpression of MKI67, STMN1, and often histones with macrophage core genes (C1QB, MS4A7) identify proliferating macrophages engaged in local self renewal or inflammatory expansion",10.1016/j.cell.2019.06.029,cycling macrophage,CL:4033076,1,0,0,1
myeloid,2167,HCA Gut Cell Atlas v1 Myeloid Lineage,663561,Macrophages Tissue Resident,tissue-resident macrophage,16972,"C1QA,C1QB,C1QC,SELENOP","C1QA,C1QB,C1QC",M0 macrophage,"High C1QA, C1QB, C1QC, SELENOP and phagocytic/lysosomal programs point to the long lived tissue resident macrophages that are distinct from monocyte derived circulating lineages",10.1038/s41586-021-03852-1,tissue-resident macrophage,CL:0000864,0,3,0,3
myeloid,2167,HCA Gut Cell Atlas v1 Myeloid Lineage,663562,DC cDC2,CD11b-positive dendritic cell,4809,"CD1C,TCTN3,FCER1A,CLEC10A,SPI1,SIRPA","CD1C,FCER1A,CLEC10A",cDC2,"CD1C, CLEC10A, FCER1A, SIRPA, define antigen presenting type 2 conventional dendritic cells with CD11b positive identity and non crosspresenting functions",10.1126/science.aah4573; 10.1016/j.cell.2019.06.029,CD11b-positive dendritic cell,CL:0002465,0,1,0,1
myeloid,2167,HCA Gut Cell Atlas v1 Myeloid Lineage,663563,DC cDC1,conventional dendritic cell,1052,"CLEC9A,C1orf54,XCR1,DNASE1L3,SHTN1","CLEC9A,XCR1,BATF3",cDC1,"Expresses CLEC9A, XCR1, DNASE1L3, and related cross presentation machinery, matching the canonical transcriptional program of type 1 conventional dendritic cells described in human mucosal and lymphoid tissues",10.1126/science.aah4573; 10.1038/s41586-021-03852-1,conventional dendritic cell,CL:0000990,0,0,0,0
myeloid,2167,HCA Gut Cell Atlas v1 Myeloid Lineage,663564,DC migDC,migratory dendritic cell,346,"LAMP3,IDO1,CCR7,CD40,CCL5","LAMP3,CCR7,IDO1","migratory DCs,migratory dendritic cells","LAMP3, CCR7, IDO1, CD40, CCL5, capture the antigen experienced, lymph node directed migratory DC state which has been repeatedly observed in barrier tissues",10.1084/jem.20222129,dendritic cell,CL:0000451,0,1,0,1
myeloid,2167,HCA Gut Cell Atlas v1 Myeloid Lineage,663565,Monocytes,monocyte,4407,"CD14,FCN1,LYST,AREG,PLAUR,CD300E,VCAN","CD14,LST1,S100A8","classical monocytes,intermediate monocytes,nonclassical monocytes","These clusters have high CD14, FCN1, LST1, VCAN, and inflammatory chemokine/adaptive-interface genes, and include classical and nonclassical states. May be possible to further subdivide into classical/nonclassical subtypes",10.1038/s41586-021-03852-1,monocyte,CL:0000576,1,2,1,4
myeloid,2167,HCA Gut Cell Atlas v1 Myeloid Lineage,663566,Fibroblasts Follicular Dendritic Cells (fDC),follicular dendritic cell,143,"CR1,CR2,CXCL13,TNFSF13B","CR1,CR2,CXCL13",fDCs,"Displays CR1, CR2, CXCL13, TNFSF13B, and complement receptor driven antigen retention machinery. These also express stroma lineage markers, making them easy to annotate within the myeloid lineage.",10.1016/j.cell.2019.06.029,follicular dendritic cell,CL:0000442,0,2,0,2
myeloid,2167,HCA Gut Cell Atlas v1 Myeloid Lineage,663567,Macrophages M2,alternatively activated macrophage,3361,"CD209,CD163L1,FOLR2,MRC1","MRC1 (CD206),FOLR2,CD163L1",M2 macrophages,"Expresses MRC1 (CD206), FOLR2, CD163L1, CD209, and other alternative activation metabolic genes, marking tissue repair and IL4/IL13 responsive programs",10.1016/j.cell.2019.06.029,M2 macrophage,CL:0000890,0,4,1,5
myeloid,2167,HCA Gut Cell Atlas v1 Myeloid Lineage,663568,Granulocytes Mast Cells,mast cell,17705,"CPA3,TPSB2,TPSAB1,CTSG,HPGDS,KIT","KIT,TPSAB1,CPA3",mucosal mast cell,"presence of KIT, FCER1A, FCER1G could point to matured Mast cells with chymase, something to look out for here. In general, CPA3 and tryptase (TPSAB*) genes are highly expressed and unique to mast cell populations, making them easy to annotate in gut data",10.1182/bloodadvances.2022006969,mast cell,CL:0000097,0,3,0,3
myeloid,2167,HCA Gut Cell Atlas v1 Myeloid Lineage,663569,"DC Monocyte derived dendritic cell
(MO DC)",monocyte-derived dendritic cell,496,"MSR1,NPR2","MSR1,CD1A,CCR2",MDDC cell,"Shows MSR1, NPR2, and monocyte-to-DC transition markers, defining monocyte-derived dendritic cells arising under inflammatory differentiation",10.1016/j.cell.2019.06.029,monocyte-derived dendritic cell,CL:0011031,0,0,0,0
myeloid,2167,HCA Gut Cell Atlas v1 Myeloid Lineage,663570,Granulocytes,granulocyte,35,"CLC,IL4,CPA3,FCGR2B","CLC,FCGR3B,S100A12","polymorphonuclear leukocytes,PMN,PML,PMNL","Expresses granulocytic effectors including CLC, IL4 inducible modules, CPA3, and Fcγ receptor associated genes, hint at polymorphonuclear granulocytes distinct from mast cells. Obviously a big ? given difficulty in picking these up with typical droplet-based protocols",10.1038/s41586-021-03852-1,granulocyte,CL:0000094,0,1,0,1
myeloid,2167,HCA Gut Cell Atlas v1 Myeloid Lineage,663571,doublets,NA,1849,NA,NA,NA,A Cell Annotation Platform (CAP) term used to identify a row in a “cell by gene” table that appears to contain combined data from a pair of cells rather than data from one cell and should therefore be discarded.,NA,NA,NA,0,3,0,3
stromal,2168,HCA Gut Cell Atlas v1 Stromal Lineage,664051,SMC Inner Muscle Cells,inner smooth muscle cells,924,"FOXF2,MORN5","FOXF2,MORN5,ACTG2",unknown,"SMC with FOXF2 and MORN5, likely inner circular smooth muscle layer of gut wall. Tissue section should be checked for these to ensure not myofibroblast",,smooth muscle cell,CL:0000192,0,2,0,2
stromal,2168,HCA Gut Cell Atlas v1 Stromal Lineage,664061,vascular endothelial Lacteals,endothelial cell of lymphatic vessel,442,"PROX1,CD36,TCF15,RELN","PROX1,CD36,TCF15",unknown,"Lacteals here were annotated due to a strong fatty acid and glycerol uptake program. We should check if stroma_13_0 are present mostly in duodenum, consistent with villus lacteals being more prominent in small intestine. RELN here points to crypt",,endothelial cell of lymphatic vessel,CL:0002138,0,1,0,1
stromal,2168,HCA Gut Cell Atlas v1 Stromal Lineage,664067,Fibroblasts Submucosal (aka Crypt Support/Trophocytes/S3),submucosal fibroblast (S3),2105,"GREM1,C7,OLFM4,PTGS2,THY1,SEMA3A,GLI1","RSPO3,GREM1,PDGFRA",unknown,"Submucosal S3 fibroblasts occupy deeper layers and crypt base regions and are enriched for GREM1, C7, OLFM4, PTGS2, THY1, SEMA3A and GLI1, consistent with crypt-support or trophocyte roles. Cluster-level annotations describe RSPO3, GREM1, DCN and C3 as strong markers of submucosal fibroblasts (for example Stroma_2_0) and we note that S3 populations have lower dataset diversity and appear deeper than lamina propria fibroblasts, especially in resection-derived data. Multiple clusters labeled as Fibroblasts Submucosal (aka Crypt Support/Trophocytes/S3) recur with similar signatures, supporting a distinct S3 fibroblast class even though a dedicated CL term is still needed.",,fibroblast,CL:0000057,0,1,2,3
stromal,2168,HCA Gut Cell Atlas v1 Stromal Lineage,664062,Pericytes Immature,immature pericyte,345,"NDUFA4L2,PDGFRB,CSPG4","PDGFRB,CSPG4,RGS5",unknown,"We identified these with NDUFA4L2, PDGFRB and CSPG4 expression. Not sure about the latter two.",,immature pericyte,CL:4047007,0,0,0,0
stromal,2168,HCA Gut Cell Atlas v1 Stromal Lineage,664063,Fibroblasts mLTo Cells (mesenchymal lymphoid tissue organizer cells),mesenchymal lymphoid tissue organizer fibroblast,166,"RANKL,CXCL14,TNFSF11","TNFSF11,CXCL14,PDPN",unknown,"Clusters annotated as Fibroblasts mLTo Cells show expression of RANKL (TNFSF11), CXCL14 and other lymphoid-organizing genes in addition to a fibroblast matrix program, and Stroma_19_0 especially ""could be mLTo because RANKL, CXCL14, TNFSF11"". These cells likely represent a specialized organizer subset related to fibroblastic reticular cells but with stronger RANKL-driven lymphoid organizing functions. The population is relatively small and has moderate dataset diversity, consistent with tissue-restricted lymphoid niches, so we annotate it as a candidate mesenchymal lymphoid tissue organizer fibroblast class.",,fibroblast,CL:0000057,0,0,1,1
stromal,2168,HCA Gut Cell Atlas v1 Stromal Lineage,664039,Fibroblasts Crypt Bottom (S2A),crypt-bottom fibroblast,4205,VSTM2A,"PDGFRA,VSTM2A,POSTN",unknown,"S2A fibroblasts sit near the crypt base and are enriched for VSTM2A together with PDGFRA, BMP4, WNT5A, POSTN and other S2 markers. Several clusters annotated as Fibroblasts Crypt Bottom (S2A) show very low dataset diversity but reproducible expression of POSTN, F3 and BMPs, and differences between individual S2A annotation clusters are subtle (see annotation_cluster) and may largely reflect activation and quality flags (for example high mitochondrial content) rather than true subtypes. We therefore annotate a single S2A cell type corresponding to crypt-bottom fibroblasts with high-confidence positional identity and variable activation signatures.",,crypt-bottom fibroblast,CL:4052008,2,0,1,3
stromal,2168,HCA Gut Cell Atlas v1 Stromal Lineage,664040,Fibroblasts Crypt Top (S2B),crypt-top fibroblast,2394,"NRG1,NPY","PDGFRA,VEGFD,NRG1",unknown,"S2B fibroblasts are positioned toward the crypt top or villus tip and are characterized by NRG1 and NPY, we also highlight VEGFD and TRPA1 as convincing markers of villus-tip subepithelial fibroblasts. Clusters annotated as Fibroblasts Crypt Top (S2B) (for example Stroma_1_1 and 12_1–12_4) show these markers along with the broader S2 program and are present in multiple datasets, albeit with varying mitochondrial content and dataset diversity. We therefore treat S2B as a robust positional subtype of S2, capturing villus-tip fibroblasts with strong NRG1/VEGFD/TRPA1 signatures.",,crypt-top fibroblast,CL:4052009,1,1,0,2
stromal,2168,HCA Gut Cell Atlas v1 Stromal Lineage,664041,vascular endothelial Arteriolar,endothelial cell of artery,3481,"PLVAP,TM4SF1,SEMA3G,MGP,IGFBP4","SEMA3G,PLVAP,TM4SF1",unknown,"Arteriolar endothelial cells express SEMA3G, PLVAP, TM4SF1, MGP",,endothelial cell of artery,CL:1000413,1,0,2,3
stromal,2168,HCA Gut Cell Atlas v1 Stromal Lineage,664042,vascular endothelial Pre venule capillary (PVC),pre-venule capillary cell,952,"LITAF,ICAM1","ICAM1,LITAF,VCAM1",unknown,"Identified by LITAF and ICAM1 expression, consistent with pre venous capillary beds positioned before venules in intestinal microcirculation.",,pre-venule capillary cell,CL:4047030,0,0,1,1
stromal,2168,HCA Gut Cell Atlas v1 Stromal Lineage,664043,Fibroblasts Subserosal,intestinal subserosal fibroblast,5629,"DPT,C7,POSTN","POSTN,DPT,COL1A1",unknown,"Fibroblasts annotated as Subserosal are enriched for DPT, C7 and POSTN and tend to form deeper fibroblast clusters with lower dataset diversity (for example Stroma_8_0 and 8_1). We note that some clusters labeled as Subserosal in the original annotations appear in many biopsy-derived datasets, so we question whether they are truly subserosal versus generally deeper S3 fibroblasts. Do we need a deeper S3 fibroblast annotation? We therefore sometimes use the Intestinal Subserosal Fibroblasts and sometimes S3 term for DPT+/C7+/POSTN+ deeper fibroblasts while acknowledging that the exact boundary between subserosal and submucosal S3 fibroblasts is still being refined.",,intestinal subserosal fibroblast,CL:4052005,0,2,1,3
stromal,2168,HCA Gut Cell Atlas v1 Stromal Lineage,664044,Fibroblasts Subepithelial (S2),subepithelial fibroblast (intestinal S2),442,"PDGFRA,BMP4,F3,NPY,CD34,TRPA1,SOX6,WNT5A,POSTN","PDGFRA,CD142,POSTN",unknown,"S2 fibroblasts form a subepithelial band under the epithelium and are characterized by PDGFRA, BMP4, F3, NPY, CD34, TRPA1, SOX6, WNT5A and POSTN expression. Multiple clusters are noted as FOS+ Fibroblast Subepithelial with clear POSTN, F3 and BMP signatures and we note that TRPA1 and VEGFD are good markers higher in the villus axis, while VSTM2A and NRG1 mark bottom and top crypt positions respectively. These clusters are present across many datasets with varying activation and mitochondrial signatures, suggesting a continuum of S2 fibroblast states rather than distinct cell types.",,subepithelial fibroblast (intestinal S2),CL:4052007,1,2,0,3
stromal,2168,HCA Gut Cell Atlas v1 Stromal Lineage,664045,vascular endothelial Post arteriole capillary (PAC),post-arteriole capillary cell,1828,"RGCC,FCN3","RGCC,FCN3,RBP7",unknown,"RGCC and FCN3, distinguishing it from pre venule capillaries and venules in gut vasculature.",,post-arteriole capillary cell,CL:4047029,1,0,0,1
stromal,2168,HCA Gut Cell Atlas v1 Stromal Lineage,664046,Glia Myenteric Plexus / Type I,type 1 myenteric plexus glia,629,"TF,BCAN,CACLB","BCAN,TF,GJB1",unknown,"Myenteric plexus type I glia are identified by TF, BCAN and CACLB expression on top of a pan-glial program, and occupy clusters that align with deeper muscularis propria / submucosal regions in the integrated object. These clusters are present across datasets with full-thickness or muscularis-enriched sampling, consistent with myenteric plexus localization. The glial subtypes performed poorly in reference mapping benchmarks, so a lesser resolution is likely best for the data currently. Annotation experts also point to less confidence in glial subtypes",,type 1 myenteric plexus glia,CL:4047042,0,0,0,0
stromal,2168,HCA Gut Cell Atlas v1 Stromal Lineage,664047,Glia Submucosal Plexus / Type I,type 1 submucosal plexus glia,383,"ENTPD2,SFRP5","ENTPD2,SFRP5,SOX10",unknown,"This label is used for type I glia associated with the submucosal plexus, distinguished by expression of ENTPD2, SFRP5 and a core glial program and by their co-clustering with other submucosal plexus markers in integrated data. They are present across several datasets but enriched in samples with preserved submucosa, consistent with a submucosal plexus localization. The glial subtypes performed poorly in reference mapping benchmarks, so a lesser resolution is likely best for the data currently. Annotation experts also point to less confidence in glial subtypes",,type 1 submucosal plexus glia,CL:4047043,0,0,1,1
stromal,2168,HCA Gut Cell Atlas v1 Stromal Lineage,664048,Pericytes Secretory,secretory pericyte,169,"MUSTN1,PLN","MUSTN1,PLN,COL15A1",unknown,"MUSTN1 and PLN were used to annotate pericytes with secretory program, two putative paracrine factors",,secretory pericyte,CL:4047032,0,0,2,2
stromal,2168,HCA Gut Cell Atlas v1 Stromal Lineage,664049,Fibroblasts Muscularis Propria,muscularis propria fibroblast,2808,"DPT,C7,KCNN3,CA8,PLCB4","DPT,KCNN3,PDGFRA",unknown,"These fibroblasts are defined by DPT, C7, KCNN3, CA8 and PLCB4 expression and were initially annotated as Muscularis Propria fibroblasts in the hierarchy, but our experts repeatedly note that some clusters with this label are present in many biopsy-derived datasets, which is difficult to reconcile with a strictly muscularis-only population. Marker profiles suggest a deeper S3-like or muscle-adjacent fibroblast population, but current spatial evidence is insufficient to cleanly separate muscularis propria fibroblasts from subserosal or submucosal fibroblasts in the integrated data. We therefore keep this label as a provisional deeper muscle-layer fibroblast class with moderate confidence and flag the spatial assignment as uncertain. Do we need a ""deep S3"" sub-label?",,fibroblast,CL:0000057,0,1,1,2
stromal,2168,HCA Gut Cell Atlas v1 Stromal Lineage,664050,Glia Mucosal/Type III,type 3 mucosal glia,824,"RELN,MBP,PLLP","RELN,MBP,PLLP",unknown,"Mucosal type III glia are defined by RELN, MBP and PLLP expression together with canonical glial markers, and are the predominant glial population in mucosa/submucosa-enriched samples. Several clusters annotated as Glia Mucosal/Type III recur across many datasets, suggesting a conserved mucosal glial state. We therefore treat this as a robust mucosal glial subtype with moderate-confidence mapping to the CL type 3 mucosal glia term. The glial subtypes performed poorly in reference mapping benchmarks, so a lesser resolution is likely best for the data currently. Annotation experts also point to less confidence in glial subtypes",,type 3 mucosal glia,CL:4047045,0,1,0,1
stromal,2168,HCA Gut Cell Atlas v1 Stromal Lineage,664052,Glia Extra-Ganglionic,glial cell,360,GFRA3,"S100B,SOX10,PLP1",unknown,"This label is used for enteric glia captured outside of well-formed myenteric and submucosal ganglia, especially in biopsy-derived datasets. Clusters annotated as Glia Extra-Ganglionic show a broad glial program (NRXN1, S100B, SOX10, PLP1) without clear plexus-restricted signatures and are the dominant glial population in mucosal samples.",,glial cell,CL:0000125,0,0,0,0
stromal,2168,HCA Gut Cell Atlas v1 Stromal Lineage,664053,Fibroblastic reticular cells,fibroblastic reticular cell,540,"CCL19,CCL21,TNFSF13B,CXCL13,","PDPN,CXCL13,CCL19",unknown,"Fibroblastic reticular cells are defined by expression of CCL19, CCL21, TNFSF13B and CXCL13 and cluster within lymphoid-enriched regions, consistent with FRCs organizing lymphoid tissue. Multiple clusters labeled as Fibroblastic reticular cells show similar marker profiles across datasets and samples, while a related cluster (Stroma_19_0) expresses RANKL and CXCL14 and may correspond to mesenchymal lymphoid tissue organizer cells. We note that FRC and mLTo-like states have some overlap. we annotate them with the intestinal fibroblastic reticular cell term and note the close relationship to mLTo.",,fibroblastic reticular cell,CL:0009101,2,1,0,3
stromal,2168,HCA Gut Cell Atlas v1 Stromal Lineage,664054,Pericytes Angiogenic,angiogenic pericyte,304,HIGD1B,"HIGD1B,KDR,COL4A1",unknown,HIGD1B expression marks pericytes engaged in vascular sprouting and angiogenesis,,angiogenic pericyte,CL:4047012,0,0,1,1
stromal,2168,HCA Gut Cell Atlas v1 Stromal Lineage,664055,SMC Outer Muscle Cells,outer smooth muscle cells,988,FOXF2-,"TAGLN,MYH11,ACTG2",unknown,Outer longitudinal layer smooth muscle; distinguished from IMC by low FOXF2. Tissue section should be checked for these to ensure not myofibroblast,,smooth muscle cell,CL:0000192,0,2,0,2
stromal,2168,HCA Gut Cell Atlas v1 Stromal Lineage,664056,vascular endothelial,endothelial cell,304,PECAM1,"PECAM1,CDH5,PLVAP",unknown,"This grouping term is used for generic vascular endothelial cells expressing PECAM1, CDH5 and PLVAP that do not clearly fall into arteriolar, capillary, venular or lymphatic categories. Experts here noted that some clusters labeled vascular endothelial contain AQP1 and fibroblast genes and may represent mixed, transitional, or unclearly clustered states, and that there are doublet clusters involving endothelial cells and S2 fibroblasts. It's just one subcluster here that could be refined further with more evidence",,endothelial cell,CL:0000115,0,0,0,0
stromal,2168,HCA Gut Cell Atlas v1 Stromal Lineage,664057,Pericytes Contractile,contractile pericyte,199,"RERGL,NTRK2","NTRK2,RERGL,ACTA2",unknown,"Defined by RERGL and NTRK2, suggesting a pericyte subset with enhanced contractile apparatus.",,pericyte,CL:0000669,1,0,0,1
stromal,2168,HCA Gut Cell Atlas v1 Stromal Lineage,664058,Glia Intra-Ganglionic,type I enteric glial cell,408,"APOE,FRZB,RLBP1,CRYM","APOE,RLBP1,CRYM",unknown,"This label corresponds to glia located within enteric ganglia, matching the type I enteric glial cell definition and showing enrichment for APOE, FRZB, RLBP1, CRYM and other neuro-supportive genes. Clusters annotated as Glia Intra-Ganglionic are present across multiple datasets and sit transcriptionally between myenteric and submucosal plexus glia, consistent with the canonical intra-ganglionic location.",,type I enteric glial cell,CL:4047047,0,0,0,0
stromal,2168,HCA Gut Cell Atlas v1 Stromal Lineage,664069,junk,NA,182,NA,NA,NA,A Cell Annotation Platform (CAP) term used to identify a row in a “cell by gene” table that appears to contain non-cellular data rather than data from one cell and should therefore be discarded.,NA,NA,NA,2,0,0,2
stromal,2168,HCA Gut Cell Atlas v1 Stromal Lineage,664035,Epithelial,epithelial cell,104,KRT*,EPCAM,unknown,Cells of other lineages are sometimes sorted by the border of broad clusters. These appear to be epithelial cells,,epithelial cell,CL:0000066,1,1,0,2
stromal,2168,HCA Gut Cell Atlas v1 Stromal Lineage,664036,Smooth Muscle Cells (SMC),smooth muscle cell,1840,"DES,TAGLN,MYH11,ACTG2","MYH11,ACTG2,TAGLN",unknown,"Expresses DES, TAGLN, MYH11, ACTG2 consistent with visceral smooth muscle layers of gut wall (muscularis propria/longitudinal and circular layers).",,smooth muscle cell,CL:0000192,1,0,1,2
stromal,2168,HCA Gut Cell Atlas v1 Stromal Lineage,664037,Fibroblasts Lamina propria (S1),intestinal lamina propria fibroblast,13865,"ADAMDEC1,ABCA8,FABP4","PDPN,COL1A1,DCN",unknown,"This label represents superficial lamina propria fibroblasts that are ADAMDEC1+, ABCA8+, FABP4+ and form the dominant fibroblast population across datasets and samples. FOS+ Fibroblast Lamina propria or Ribo(high) Fibroblast Lamina propria, and note an upper-lamina WNT4+ subset (Stroma_0_2) described in the literature, as well as plasma (IGHA+) and myeloid (C1S/C1R+) doublet-contaminated clusters. Taken together, the transcriptional program, high dataset and sample diversity, and literature on WNT4+ villus-oriented fibroblasts support a high-confidence lamina propria fibroblast identity, with FOS and ribosomal signatures reflecting activation state rather than separate cell types.",,intestinal lamina propria fibroblast,CL:4047023,2,0,0,2
stromal,2168,HCA Gut Cell Atlas v1 Stromal Lineage,664038,vascular endothelial Venular,vein endothelial cell,3395,"ACKR1,VWF,SELP,MADCAM1,ADGRG6","ACKR1,VWF,SELP",unknown,"Annotated by ACKR1 predominantly, these separate clearly from other vascular endothelial clusters",,vein endothelial cell,CL:0002543,2,0,0,2
stromal,2168,HCA Gut Cell Atlas v1 Stromal Lineage,664068,doublets,NA,868,NA,NA,NA,A Cell Annotation Platform (CAP) term used to identify a row in a “cell by gene” table that appears to contain combined data from a pair of cells rather than data from one cell and should therefore be discarded.,NA,NA,NA,1,0,1,2
stromal,2168,HCA Gut Cell Atlas v1 Stromal Lineage,664059,vascular endothelial Lymphatic,endothelial cell of lymphatic vessel,1170,"LYVE1,PROX1,MMRN1,MRC1","LYVE1,PROX1,PDPN",unknown,"Lymphatic endothelial cells are here defined by LYVE1, PROX1, MMRN1 and MRC1 and form multiple clusters (Stroma_13_1–13_5) that are present across many datasets, including immune-interacting states.",,endothelial cell of lymphatic vessel,CL:0002138,0,1,2,3
stromal,2168,HCA Gut Cell Atlas v1 Stromal Lineage,664060,vascular endothelial Capillary,capillary endothelial cell,397,"CD36,CLDN5,RAMP2,FLT1,IGFBP7","CLDN5,RAMP2,FLT1",unknown,"CD36, CLDN5, RAMP2, FLT1 and IGFBP7, consistent with gut micro capillary networks described in human intestinal single cell atlases.",,capillary endothelial cell,CL:0002144,0,0,0,0
stromal,2168,HCA Gut Cell Atlas v1 Stromal Lineage,664064,Plasma Cells,plasma cell,63,"JCHAIN,IG* genes","JCHAIN,IG* genes",unknown,Cells of other lineages are sometimes sorted by the border of broad clusters. These appear to be plasma cells,,plasma cell,CL:0000786,0,2,0,2
stromal,2168,HCA Gut Cell Atlas v1 Stromal Lineage,664065,Fibroblasts Myofibroblasts,myofibroblast cell,135,"ACTA2,TAGLN,DCN","ACTA2,TAGLN,MYH11",unknown,Myofibroblasts and SMCs could be mixed up in some places. I had used HHIF to annotated SMCs but in absense of GREM1/GREM2 it's possible these SMCs are really myofibroblasts.,,myofibroblast cell,CL:0000186,0,2,0,2
stromal,2168,HCA Gut Cell Atlas v1 Stromal Lineage,664066,Glia Muscularis propria/Type IV,type 4 muscularis propria glia,33,"SLC5A7,APOD,KCNS3","SLC5A7,APOD,KCNS3",unknown,"This label captures glia associated with the muscularis propria that show markers such as SLC5A7, APOD and KCNS3 in addition to a core glial program. These clusters are enriched in full-thickness specimens with abundant muscle, and rare or absent in superficial biopsies, consistent with a muscularis propria localization.  The glial subtypes performed poorly in reference mapping benchmarks, so a lesser resolution is likely best for the data currently. Annotation experts also point to less confidence in glial subtypes",,type 4 muscularis propria glia,CL:4047048,0,1,0,1
lymphoid,2169,HCA Gut Cell Atlas v1 Lymphoid Lineage,664609,Plasma IGM,IgM plasma cell,48,IGHM,IGHM,Plasma IgM cell,Same with IGHM,,IgM plasma cell,CL:0000986,0,0,0,0
lymphoid,2169,HCA Gut Cell Atlas v1 Lymphoid Lineage,664606,Plasma IGG,IgG plasma cell,1727,IGHG genes,IGHG genes,Plasma IgG cell,IGHG,,IgG plasma cell,CL:0000985,1,0,0,1
lymphoid,2169,HCA Gut Cell Atlas v1 Lymphoid Lineage,664605,Plasma Cells,plasma cell,37954,"JCHAIN,IG* genes","JCHAIN,IG* genes",plasma cells,"JCHAIN, MZB1, SSR4, and IG*",,plasma cell,CL:0000786,0,0,1,1
lymphoid,2169,HCA Gut Cell Atlas v1 Lymphoid Lineage,664604,B Cycling,cycling B cell,10884,"MKI67,HMGB2,BCL6,TUBA1A","MKI67,HMGB2,TOP2A",cycling B cells,"B cells (HLA, CD79) with clear STMN1 and other cell cycle signal",,cycling B cell,CL:4033068,0,2,0,2
lymphoid,2169,HCA Gut Cell Atlas v1 Lymphoid Lineage,664603,T GammaDelta,gamma-delta T cell,2950,"TRGC1,TRDC,TRDV1,TRDV2,TRDV3,KLRK1","TRDC,TRGC2,TRDV1","gamma delta T cell,Tgd","TRDC, TRGC2 and SOX4 point to gamma delta T cells, but these do not show the canonical TRGC9, TRDC2 variants.",,gamma-delta T cell,CL:0000798,0,0,0,0
lymphoid,2169,HCA Gut Cell Atlas v1 Lymphoid Lineage,664602,CD8 Naive,"naive thymus-derived CD8-positive, alpha-beta T cell",7076,"CD8A,LEF1,CCR7","CCR7,LEF1,TCF7","naive CD8 T cell,Tnaive",Proximity to other CD8 clusters and LEF1 expression allowed me to annotate this ~7k cell sub-cluster found amongst other CD4 clusters as CD8 naive.,,"naive thymus-derived CD8-positive, alpha-beta T cell",CL:0000900,0,3,0,3
lymphoid,2169,HCA Gut Cell Atlas v1 Lymphoid Lineage,664601,CD8 Memory/Exhausted,exhausted T cell,2107,"LAG3,HAVCR2,PDCD1,LAYN,CTLA4,BATF","PDCD1,HAVCR2,TOX","exhausted CD8 T cell,Tex","TOX, CD27, GZM pointed to CD8 memory here, and HAVCR2 pointed to an exhausted signature",,exhausted T cell,CL:0011025,0,1,0,1
lymphoid,2169,HCA Gut Cell Atlas v1 Lymphoid Lineage,664600,B Naive,naive B cell,10025,"IGHM,IGHD","IGHM,IGHD,TCL1A",naive B cell,"MARCKSL1 and IGHD were found in some subclusters found near other follicular B cells. These have high HLA genes, CD79A and B",,naive B cell,CL:0000788,0,2,0,2
lymphoid,2169,HCA Gut Cell Atlas v1 Lymphoid Lineage,664599,GC B Dark Zone,centroblast,21173,"CXCR4,AICDA,RGS13,NEIL1,BCL7A","CXCR4,AICDA,MKI67","centroblast,B GC/DZ",CXCR4 high with CD83 point to Dark zone,,centroblast,CL:0009112,0,2,0,2
lymphoid,2169,HCA Gut Cell Atlas v1 Lymphoid Lineage,664598,CD8 T,"CD8-positive, alpha beta T cell",29163,"CD8A,CD8B","CD8A,CD8B,TRAC",CD8 alpha-beta T cell,broadly annotated when CD8 T cells didn't show sufficient markers to resolve finer states,,"CD8-positive, alpha beta T cell",CL:0000625,0,3,0,3
lymphoid,2169,HCA Gut Cell Atlas v1 Lymphoid Lineage,664597,ILC2,"group 2 innate lymphoid cell, human",1037,"CRTH2,GATA3,PTGDR2,HPGDS,IL1RL1,KRT1","GATA3,IL1RL1,KLRB1",ILC2,"ST2 is found in one subcluster of ~1000 cells among other ILC clusters, pointing to ILC2. 16_0 could also be ILC2 due to ST2 expression",,"group 2 innate lymphoid cell, human",CL:0001081,0,2,1,3
lymphoid,2169,HCA Gut Cell Atlas v1 Lymphoid Lineage,664596,GC B Germinal Center,germinal center B cell,1479,CXCR4,"BCL6,CD38,CD10","germinal center B,B GC",CXCR4 high b cells with no other evidence of light or dark zone markers. These had high mitochondrial content so may just be of too low quality to define,,germinal center B cell,CL:0000844,0,1,0,1
lymphoid,2169,HCA Gut Cell Atlas v1 Lymphoid Lineage,664595,B Memory,memory B cell,12063,"CD69,SELL,CD27,HLA-DRA","CD27,CD80,CD86","memory B cell,Bmem","CD27, HLA-DRA, SELL, and CD69 separated memory B cells from other B subsets",,memory B cell,CL:0000787,1,0,0,1
lymphoid,2169,HCA Gut Cell Atlas v1 Lymphoid Lineage,664594,ILC3,"group 3 innate lymphoid cell, human",4496,"KRT86,RORC,IL7R","RORC,IL23R,IL22",ILC3,"KRT86, RORC, IL7R and IL23R point to strong ILC3 signature, while some nearby subclusters show a more ILC or ILC2 tilt",,"group 3 innate lymphoid cell, human",CL:0001078,0,1,0,1
lymphoid,2169,HCA Gut Cell Atlas v1 Lymphoid Lineage,664593,GC B Light Zone,centrocyte,16110,"BANK1,TNFRSF13C,CD83","CD83,CXCR5,BCL6","centrocyte,B GC/LZ","BANK1 is found in all subsets annotated as LZ, TNFRSF13C supports in some",,centrocyte,CL:0009111,0,1,0,1
lymphoid,2169,HCA Gut Cell Atlas v1 Lymphoid Lineage,664592,CD4 Tfh,T follicular helper cell,18502,"BCL6,CXCR5,CD40LG,CXCL13","BCL6,CXCR5,PDCD1","Tfh,follicular helper CD4 T cell",CD40LG and ICOS are used to annotate Tfh in this data. These are also found in larger clusters of CD4 naive cells,,T follicular helper cell,CL:0002038,3,0,2,5
lymphoid,2169,HCA Gut Cell Atlas v1 Lymphoid Lineage,664591,ILC NKs,natural killer cell,4530,"GNLY,EOMES,PRF1,NKG7","NKG7,GNLY,PRF1","NK cell,NKs,NK","This was a misspelling, should be ILC NK Cells",,natural killer cell,CL:0000623,0,0,0,0
lymphoid,2169,HCA Gut Cell Atlas v1 Lymphoid Lineage,664590,CD4 Th1,T-helper 1 cell,22187,"CD4,TBX21,IFNG,TNF","TBX21,IFNG,CXCR3","Th1 CD4 T cell,Th1",Th1 are annotated when CD4 cells show IFNG or TNF program signatures and especially IL7R. Thelper cytotoxic dual signatures point then to Th1,,T-helper 1 cell,CL:0000545,0,3,0,3
lymphoid,2169,HCA Gut Cell Atlas v1 Lymphoid Lineage,664589,CD4 Treg,regulatory T cell,9712,"IL2RA,FOXP3,CTLA4,PDCD1,TIGIT,ICOS","FOXP3,IL2RA,CTLA4","Treg,regulatory CD4 T cell","Coexpress FOXP3 and IL2RA (CD25), FOXP3 expression quickly identifies clusters of T-regs",,regulatory T cell,CL:0000815,3,0,1,4
lymphoid,2169,HCA Gut Cell Atlas v1 Lymphoid Lineage,664588,Plasma IGA,IgA plasma cell,31898,IGHA genes,IGHA genes,Plasma IgA cell,These are easily distinguished from other plasma subsets via IGHA variants,,IgA plasma cell,CL:0000987,1,0,0,1
lymphoid,2169,HCA Gut Cell Atlas v1 Lymphoid Lineage,664587,ILC NK Cells,natural killer cell,4645,"GNLY,EOMES,PRF1,NKG7","NKG7,GNLY,PRF1","NK cell,ILC NK",Marker lists with high NKG7 and GNLY point to NK subsets,,natural killer cell,CL:0000623,1,0,0,1
lymphoid,2169,HCA Gut Cell Atlas v1 Lymphoid Lineage,664586,B Marginal zone (MZB),marginal B cell of lymph node,23784,"FCRL1,CD1C","CD1C,FCRL1,CR2","MZB,marginal zone B cell","FCRL1, CD1C with HLA, CD79 signatures point to potential MZB cells",,marginal B cell of lymph node,CL:0009060,0,2,0,2
lymphoid,2169,HCA Gut Cell Atlas v1 Lymphoid Lineage,664585,CD4 Memory,"CD4-positive, alpha-beta memory T cell",11147,"IL32,MAF","CD45RO,CCR7,IL7R","CD4 memory T cells,CD4 Tmem","When CD4 celltypes show no clear evidence of Treg, Naive, or Th states, but contain a clear interleukin, MAF, and differentiated signal, we annotate them as CD4 Memory",,"CD4-positive, alpha-beta memory T cell",CL:0000897,0,2,0,2
lymphoid,2169,HCA Gut Cell Atlas v1 Lymphoid Lineage,664584,B Atypical,B cell,3610,"FCRL4,ITGAX","FCRL4,FCRL5,ITGAX",atypical B cells,"FCRL4 and FCRL5 point to atypical B cells, but ITGAX was not found here",,B cell,CL:0000236,0,0,0,0
lymphoid,2169,HCA Gut Cell Atlas v1 Lymphoid Lineage,664583,T Cycling,cycling T cell,1999,"MKI67,STMN1,TOP2A","MKI67,STMN1,TOP2A",proliferating T cell,"Cycling T cells were annotated based on STMN1, MKI67 and other cell cycle genes alongside a T lineage background, including TRAC",,cycling T cell,CL:4033069,1,0,0,1
lymphoid,2169,HCA Gut Cell Atlas v1 Lymphoid Lineage,664582,CD8 IEL,intraepithelial lymphocyte,41143,"ITGAE,CD160,KLRC2,KIR2DL4,NCR1,NCR2,NCR3,CD7,CD244","ITGAE,CD69,CD160",IEL,"A large cluster of ITGAE high, CD160 exists in the atlas, pointing to resident status. contextualization with radial tissue terms could increase evidence",,intraepithelial lymphocyte,CL:0002496,0,1,0,1
lymphoid,2169,HCA Gut Cell Atlas v1 Lymphoid Lineage,664581,CD4 Naive,Naive T cell,70210,"CD4,CCR7,LEF1,IL7R,KLF2,S1PR5,SELL","CCR7,IL7R,SELL","naive CD4 T cell,CD4 Tnaive","CD4 Naive T cells are defined as CCR7, IL7R, LEF1 and SELL expressing signatures",,Naive T cell,CL:0000898,0,3,0,3
lymphoid,2169,HCA Gut Cell Atlas v1 Lymphoid Lineage,664580,CD8 TRM,Tc17 cell,63571,"CD8A,CD8B,ITGAE,CD69,ITGA1,RORA","ITGAE,CD69,ITGA1","TRM,tissue resident memory CD8 T cell","ITGAE and RORA point to granzyme positive t resident memory populations, and clusters of these tend to be more unique to certain sections of the gut, driving down the number of datasets they are found in (dataset diversity metric)",,Tc17 cell,CL:0002128,0,2,0,2
lymphoid,2169,HCA Gut Cell Atlas v1 Lymphoid Lineage,664579,CD8 Circulating Effector/Memory,"effector memory CD8-positive, alpha-beta T cell",22736,"FGFBP2,CX3CR1,GZMH,GZMK","CX3CR1,GZMH,KLRG1","effector memory CD8 T cell (circulating),Teff/mem(circulating)","KLRG1, FGFBP2, CX3CR1, GZMH expressing set of clusters found across tissue sections",,"effector memory CD8-positive, alpha-beta T cell",CL:0000913,0,3,0,3
lymphoid,2169,HCA Gut Cell Atlas v1 Lymphoid Lineage,664578,T NKT,mature NK T cell,10596,"FCER1G,HOPX,TRAV24","TRAV24,ZBTB16,FCER1G",NKT cell,"ZBTB16 expressing, CD7, JUND, NKG7, these could be NK T cells - but not sure of TCR expression",,mature NK T cell,CL:0000814,0,0,0,0
lymphoid,2169,HCA Gut Cell Atlas v1 Lymphoid Lineage,664577,CD8 Effector/Memory,"effector memory CD8-positive, alpha-beta T cell, terminally differentiated",31040,"IL2,GZMA,GZMK,GZMB,KLRG1","GZMB,PRF1,KLRG1","effector memory CD8 T cell,Teff/mem","No CX3CR1 but IL2, granzymes, and CD8 signatures are found abundantly in single cell data of the gut",,"effector memory CD8-positive, alpha-beta T cell, terminally differentiated",CL:0001062,0,0,0,0
lymphoid,2169,HCA Gut Cell Atlas v1 Lymphoid Lineage,664576,CD4 Th17,T-helper 17 cell,39328,"RORC,IL17A,IL22,IL21,CSF2,IL23R","RORC,IL17A,CCR6","Th17 CD4 T cell,Th17","Since both ILC3s and Th17 express RORC and IL7R, these can be difficult to separate. Th17 were annotated when larger clusters of naive T cells showed a clear IL7R and RORC expressing subcluster",,T-helper 17 cell,CL:0000899,3,0,0,3
lymphoid,2169,HCA Gut Cell Atlas v1 Lymphoid Lineage,664608,T MAIT,mucosal-associated invariant T cell,131,"LGALS3,ZBTB16,TRAV1-2,TRAJ33","TRAV1-2,KLRB1,ZBTB16",MAIT cell,This small subcluster uniquely clearly expressed the TRAV1-2 MAIT TCR marker,,mucosal-associated invariant T cell,CL:0000940,2,0,0,2
lymphoid,2169,HCA Gut Cell Atlas v1 Lymphoid Lineage,664611,junk,NA,721,NA,NA,NA,A Cell Annotation Platform (CAP) term used to identify a row in a “cell by gene” table that appears to contain non-cellular data rather than data from one cell and should therefore be discarded.,NA,NA,NA,1,0,0,1
lymphoid,2169,HCA Gut Cell Atlas v1 Lymphoid Lineage,664607,ILC1,ILC1,1777,IFNG,"TBX21,IFNG,CXCR3",group 1 innate lymphoid cell,General ILC signature with IFNG expression,,ILC1,CL:0001068,0,1,0,1
lymphoid,2169,HCA Gut Cell Atlas v1 Lymphoid Lineage,664610,doublets,NA,7679,NA,NA,NA,A Cell Annotation Platform (CAP) term used to identify a row in a “cell by gene” table that appears to contain combined data from a pair of cells rather than data from one cell and should therefore be discarded.,NA,NA,NA,1,0,0,1
