taxonomy_line,hgca_celltype_v1,level_depth,marker_source,cap_label_matched,metadata_csv_line,markers_final
2,Epithelial,1,CAP feedback + metadata csv (line 42),Epithelial,42,"KRT, EPCAM, KRT19, KRT20, ELF3"
3,Absorptive Epithelial,2,children union,,,"CCL25, EPCAM, KRT, ELF3, KRT8, KRT18, OLFM4, ADH1C, REG1A, LCN2, FABP4, ALDOB, ANPEP, PRAP1, FABP1, APOA1, APOC3, APOB, GUCA2A, CDHR5, DUOX2, BEST4, OTOP2, KLK15, SPIB, CA7, CFTR, CD24, CA1, CA2, PLA2G2A, PLAC8, CEACAM7, NOTCH1, EDN1, LEFTY1, SPINK5, CEACAM5, AQP8, TFF1, SLC26A3"
4,Enterocytes,3,CAP feedback,Enterocytes,,"CCL25, EPCAM, KRT, ELF3, KRT8, KRT18"
5,Enterocyte Progenitors,4,metadata csv (line 39),,39,"OLFM4, ADH1C, REG1A, LCN2"
6,Lower Villus Enterocytes,4,CAP feedback + metadata csv (line 58),Enterocytes Early,58,"FABP4, ALDOB, ANPEP, PRAP1, FABP1"
7,Mid Villus Enterocytes,4,CAP feedback + metadata csv (line 70),Enterocytes,70,"CCL25, EPCAM, KRT, ELF3, KRT8, KRT18, APOA1, APOC3, ALDOB, ANPEP"
8,Villus Tip Enterocytes,4,CAP feedback + metadata csv (line 97),Enterocytes Late,97,"APOA1, APOC3, APOB, GUCA2A, CDHR5, DUOX2"
9,BEST4 Enterocytes,4,CAP feedback + metadata csv (line 8),Enterocytes BEST4,8,"BEST4, OTOP2, KLK15, SPIB, CA7, CFTR"
10,Colonocytes,3,CAP feedback,Colonocytes,,"ADH1C, CD24, CA1, CA2, PLA2G2A, PLAC8, CEACAM7"
11,Colonocyte Progenitors,4,metadata csv (line 28),,28,"NOTCH1, EDN1"
12,Lower Crypt Colonocytes,4,CAP feedback + metadata csv (line 57),Colonocytes Early,57,"LEFTY1, ADH1C, SPINK5"
13,Mid Crypt Colonocytes,4,CAP feedback + metadata csv (line 69),Colonocytes,69,"ADH1C, CD24, CA1, CA2, PLA2G2A, PLAC8, CEACAM7, CEACAM5, LEFTY1, SPINK5, AQP8"
14,Crypt Top Colonocytes,4,CAP feedback + metadata csv (line 31),Colonocytes Late,31,"CEACAM5, FABP1, AQP8, TFF1, SLC26A3, CEACAM7, GUCA2A"
15,BEST4 Colonocytes,4,CAP feedback + metadata csv (line 7),Colonocytes BEST4,7,"BEST4, SPIB, OTOP2, CA7"
16,Follicle associated enterocyte (FAE),2,CAP feedback,Follicle associated enterocyte (FAE),,"CCL20, IL15, CCL25, ANPEP, GP2"
17,Microfold Cells (M Cells),3,CAP feedback + metadata csv (line 68),Microfold Cells (M Cells),68,"TGM2, NOS2, CCL20, REG3G, GP2, SPIB, SOX8, CLU, TNFAIP2, CCL23, MIA"
18,Enteroendocrine Cells (EEC),2,CAP feedback + metadata csv (line 40),Enteroendocrine Cells (EEC),40,"CHGA, CHGB, NEUROD1, PCSK1N, FXYD3, CPE, SCG5, CA2, SLC26A2, SLC4A4"
19,EEC Progenitors,3,CAP feedback + metadata csv (line 37),EEC Progenitor,37,"NEUROG3, DLL1"
20,EEC I,3,existing taxonomy Markers,,,CCK
21,EEC S,3,CAP feedback + metadata csv (line 38),EEC S Cells (SCT+),38,"SCT, GIPR, SLC5A1"
22,EEC Mo,3,existing taxonomy Markers,,,MLN
23,EEC Enterochromaffin (EC),3,CAP feedback + metadata csv (line 34),EEC Enterochromaffin Cells,34,"CHGA, TPH1, GULP1, IGFBP3, TAC1"
24,EEC L,3,CAP feedback + metadata csv (line 35),EEC L Cells (PYY+),35,"PYY, INSL5, GCG, TNNC1"
25,EEC K,3,existing taxonomy Markers,,,GIP
26,EEC D,3,existing taxonomy Markers,,,SST
27,EEC N,3,CAP feedback + metadata csv (line 36),EEC N Cells,36,"NTS, CHGA, PCSK1"
28,EEC Gastric,3,children union,,,"GAST, ERO1B, PGC, TPH1"
29,EEC G,4,existing taxonomy Markers,,,"GAST, ERO1B, PGC"
30,EEC Enterochromaffin-like (ECL),4,existing taxonomy Markers,,,TPH1
31,Secretory Epithelial,2,children union,,,"MUC6, PGC, TFF2, HDAC9, AQP5, DEFA5, DEFA6, LYZ, PRSS2, ITLN2, REG3A, PLA2G2A, POU2F3, SH2D6, LRMP, TRPM5, SOX4, CD24, SPIB, IRAG2, STMN1, CLCA1, TFF3, MUC2, SPINK4, REG4, ITLN1, FXYD3, TFF1, MUC5AC, AGR2"
32,Brunners Gland Cells,3,metadata csv (line 9),,9,"MUC6, PGC, TFF2, HDAC9, AQP5"
33,Paneth Cells,3,CAP feedback + metadata csv (line 80),Secretory Paneth Cells,80,"DEFA5, DEFA6, LYZ, PRSS2, ITLN2, REG3A, PLA2G2A"
34,Tuft Cells,3,CAP feedback + metadata csv (line 94),Secretory Tuft Cells,94,"POU2F3, SH2D6, LRMP, TRPM5, SOX4, CD24, SPIB, IRAG2"
35,Tuft Progenitors,4,CAP feedback + metadata csv (line 95),Secretory Tuft Cells,95,"POU2F3, SH2D6, LRMP, TRPM5, SOX4, CD24, SPIB, IRAG2, STMN1"
36,Goblet Cells,3,CAP feedback + metadata csv (line 51),Secretory Goblet Cells,51,"CLCA1, TFF3, MUC2, SPINK4, REG4, ITLN1, FXYD3"
37,Mature Goblet Cells,4,CAP feedback + metadata csv (line 64),Secretory Goblet cells Mature,64,"CLCA1, TFF3, MUC2, SPINK4, REG4, ITLN1, FXYD3"
38,Foveolar Cells,3,metadata csv (line 46),,46,"TFF2, TFF1, MUC5AC, AGR2"
39,Parietal Cells,2,existing taxonomy Markers,,,"GPR155, CBLIF, ATP4A, ATP4B"
40,Chief Cells,2,existing taxonomy Markers,,,"PGA5, LIPF"
41,Neck Cells,2,existing taxonomy Markers,,,"MUC6, PGA3, LYZ, FUT9"
42,Proliferative Epithelial,2,children union,,,"LGR5, OLFM4, ASCL2, SMOC2, RGMB, CLDN3, TSPAN8, MCM5, TOP2A, CCNA2, PCLAF, HELLS, PCNA, MKI67, DEFA5, DEFA6, LYZ, PRSS2, ITLN2, REG3A, PLA2G2A, ATOH1, TFF3, CLCA1, HEPACAM2, ANXA13, PHLDA2, KLK1"
43,Intestinal Stem Cells (ISC),3,CAP feedback + metadata csv (line 55),Epithelial Stem Cells (LGR5+),55,"LGR5, OLFM4, ASCL2, SMOC2, RGMB, CLDN3, TSPAN8"
44,Transiently Amplifying Cells (TA),3,CAP feedback + metadata csv (line 93),Transiently Amplifying Cells (TA),93,"MCM5, TOP2A, CCNA2, PCLAF, HELLS, PCNA, MKI67, DEFA5, DEFA6, LYZ, PRSS2, ITLN2, REG3A, PLA2G2A"
45,Secretory Progenitors,4,CAP feedback + metadata csv (line 89),Secretory TA,89,"ATOH1, TFF3, CLCA1, HEPACAM2, ANXA13, PHLDA2, KLK1"
46,Stromal,1,children union,,,"PECAM1, CDH5, PLVAP, TM4SF1, SEMA3G, MGP, IGFBP4, HIGD1B, KDR, COL4A1, CD36, CLDN5, RAMP2, FLT1, IGFBP7, RGCC, FCN3, RBP7, LITAF, ICAM1, VCAM1, ACKR1, VWF, SELP, MADCAM1, ADGRG6, LYVE1, PROX1, MMRN1, MRC1, PDPN, ACKR4, NT5E, ITGA2B, STAB2, MARCO, STAB1, TCF15, RELN, WT1, MSLN, ADAMDEC1, FABP4, WNT5A, WNT5B, WNT2, LUM, COL3A1, CXCL6, CXCL14, FBLN1, PDGFRA, BMP4, F3, NPY, CD34, TRPA1, SOX6, POSTN, CD142, NRG1, VEGFD, VSTM2A, ABCA8, COL1A1, DCN, GREM1, C7, OLFM4, PTGS2, THY1, SEMA3A, GLI1, RSPO3, RANKL, TNFSF11, CCL19, CCL21, TNFSF13B, CXCL13, CR1, CR2, DPT, KCNN3, CA8, PLCB4, ACTA2, TAGLN, MYH11, KIT, ETV1, ANO1, RGS5, PDGFRB, NOTCH3, MCAM, CSPG4, RERGL, NTRK2, NDUFA4L2, MUSTN1, PLN, COL15A1, NRXN1, S100B, SOX10, CDH19, CRYAB, PLP1, SPP1, FXYD1, STMN, MKI67, APOE, FRZB, RLBP1, CRYM, TF, BCAN, CACLB, GJB1, ENTPD2, SFRP5, GFRA3, MBP, PLLP, SLC5A7, APOD, KCNS3, DES, ACTG2, FOXF2, MORN5, PLIN1, LPL"
47,Endothelial,2,CAP feedback,vascular endothelial,,"PECAM1, CDH5, PLVAP"
48,Arteriolar Endothelial,3,CAP feedback + metadata csv (line 6),vascular endothelial Arteriolar,6,"PLVAP, TM4SF1, SEMA3G, MGP, IGFBP4, HIGD1B, KDR, COL4A1"
49,Capillary Endothelial,3,CAP feedback + metadata csv (line 10),vascular endothelial Capillary,10,"CD36, CLDN5, RAMP2, FLT1, IGFBP7"
50,Post Arteriole Capillary Endothelial (PAC),4,CAP feedback + metadata csv (line 86),vascular endothelial Post arteriole capillary (PAC),86,"RGCC, FCN3, RBP7"
51,Pre Venule Capillary Endothelial (PVC),4,CAP feedback + metadata csv (line 87),vascular endothelial Pre venule capillary (PVC),87,"LITAF, ICAM1, VCAM1"
52,Venular Endothelial,3,CAP feedback + metadata csv (line 96),vascular endothelial Venular,96,"ACKR1, VWF, SELP, MADCAM1, ADGRG6"
53,Lymphatic Endothelial,3,CAP feedback + metadata csv (line 59),vascular endothelial Lymphatic,59,"LYVE1, PROX1, MMRN1, MRC1, PDPN"
54,Ceiling Sinus Endothelial,4,existing taxonomy Markers,,,"ACKR4, NT5E"
55,Floor Sinus Endothelial,4,existing taxonomy Markers,,,"MADCAM1, ITGA2B"
56,Medullary Sinus Endothelial,4,metadata csv (line 65),,65,"MRC1, STAB2, MARCO"
57,Cortical Sinus Endothelial,4,existing taxonomy Markers,,,STAB1
58,Lacteal Endothelial,4,CAP feedback,vascular endothelial Lacteals,,"PROX1, CD36, TCF15, RELN"
59,Mesothelial,2,existing taxonomy Markers,,,"WT1, MSLN"
60,Fibroblasts,2,existing taxonomy Markers,,,"ADAMDEC1, FABP4, WNT5A, WNT5B, WNT2, LUM, COL3A1, CXCL6, CXCL14, FBLN1"
61,Subepithelial Fibroblasts (S2),3,CAP feedback,Fibroblasts Subepithelial (S2),,"PDGFRA, BMP4, F3, NPY, CD34, TRPA1, SOX6, WNT5A, POSTN, CD142"
62,Crypt Top Fibroblasts (S2B),4,CAP feedback + metadata csv (line 32),Fibroblasts Crypt Top (S2B),32,"NRG1, NPY, PDGFRA, VEGFD"
63,Crypt Bottom Fibroblasts (S2A),4,CAP feedback + metadata csv (line 30),Fibroblasts Crypt Bottom (S2A),30,"VSTM2A, PDGFRA, POSTN"
64,Lamina propria Fibroblasts (S1),3,CAP feedback + metadata csv (line 56),Fibroblasts Lamina propria (S1),56,"ADAMDEC1, ABCA8, FABP4, PDPN, COL1A1, DCN"
65,Submucosal Fibroblasts (S3),3,CAP feedback + metadata csv (line 91),Fibroblasts Submucosal (aka Crypt Support/Trophocytes/S3),91,"GREM1, C7, OLFM4, PTGS2, THY1, SEMA3A, GLI1, RSPO3, PDGFRA"
66,Mesenchymal Lymphoid Tissue Organizer Cells (mLTo Cells),3,CAP feedback + metadata csv (line 67),Fibroblasts mLTo Cells (mesenchymal lymphoid tissue organizer cells),67,"RANKL, CXCL14, TNFSF11, PDPN"
67,Fibroblastic Reticular Cells (FRC),3,CAP feedback + metadata csv (line 43),Fibroblastic reticular cells,43,"CCL19, CCL21, TNFSF13B, CXCL13, PDPN"
68,Marginal Reticular Cells (MRC),4,metadata csv (line 62),,62,"TNFSF11, CXCL14"
69,Follicular Dendritic Cells (fDC),3,CAP feedback + metadata csv (line 45),Fibroblasts Follicular Dendritic Cells (fDC),45,"CR1, CR2, CXCL13, TNFSF13B"
70,Subserosal Fibroblasts,3,CAP feedback,Fibroblasts Subserosal,,"DPT, C7, POSTN, COL1A1"
71,Muscularis Propria Fibroblasts,3,CAP feedback + metadata csv (line 73),Fibroblasts Muscularis Propria,73,"DPT, C7, KCNN3, CA8, PLCB4, PDGFRA"
72,Myofibroblasts,3,CAP feedback + metadata csv (line 74),Fibroblasts Myofibroblasts,74,"ACTA2, TAGLN, DCN, MYH11"
73,Interstitial Cells of Cajal (ICC),3,metadata csv (line 54),,54,"KIT, ETV1, ANO1"
74,Pericytes,2,existing taxonomy Markers,,,"RGS5, PDGFRB, NOTCH3, PECAM1, MCAM, CSPG4"
75,Angiogenic Pericytes,3,CAP feedback + metadata csv (line 5),Pericytes Angiogenic,5,"HIGD1B, KDR, COL4A1"
76,Contractile Pericytes,3,CAP feedback + metadata csv (line 29),Pericytes Contractile,29,"RERGL, NTRK2, ACTA2"
77,Immature Pericytes,3,CAP feedback,Pericytes Immature,,"NDUFA4L2, PDGFRB, CSPG4, RGS5"
78,Secretory Pericytes,3,CAP feedback + metadata csv (line 88),Pericytes Secretory,88,"MUSTN1, PLN, COL15A1"
79,Glia,2,metadata csv (line 50),,50,"NRXN1, S100B, SOX10, CDH19, CRYAB, PLP1, SPP1, FXYD1"
80,Differentiating Glia,3,inherited from ancestor 'Glia',,,"NRXN1, S100B, SOX10, CDH19, CRYAB, PLP1, SPP1, FXYD1"
81,Progenitor Glia,3,existing taxonomy Markers,,,"NRXN1, CRYAB, STMN, MKI67"
82,Intra Ganglionic Glia,3,CAP feedback,Glia Intra-Ganglionic,,"APOE, FRZB, RLBP1, CRYM"
83,Myenteric Plexus Glia,4,CAP feedback,Glia Myenteric Plexus / Type I,,"TF, BCAN, CACLB, GJB1"
84,Submucosal Plexus Glia,4,CAP feedback,Glia Submucosal Plexus / Type I,,"ENTPD2, SFRP5, SOX10"
85,Extra Ganglionic Glia,3,CAP feedback,Glia Extra-Ganglionic,,"GFRA3, S100B, SOX10, PLP1"
86,Mucosal Glia,4,CAP feedback,Glia Mucosal/Type III,,"RELN, MBP, PLLP"
87,Muscularis propria Glia,4,CAP feedback,Glia Muscularis propria/Type IV,,"SLC5A7, APOD, KCNS3"
88,Smooth Muscle Cells (SMC),2,CAP feedback + metadata csv (line 90),Smooth Muscle Cells (SMC),90,"DES, TAGLN, MYH11, ACTG2"
89,Vascular SMCs (vSMC),3,inherited from ancestor 'Smooth Muscle Cells (SMC)',,,"DES, TAGLN, MYH11, ACTG2"
90,Outer SMCs,3,CAP feedback,SMC Outer Muscle Cells,,"FOXF2, TAGLN, MYH11, ACTG2"
91,Inner SMCs,3,CAP feedback,SMC Inner Muscle Cells,,"FOXF2, MORN5, ACTG2"
92,Adipocytes,2,metadata csv (line 4),,4,"PLIN1, LPL"
93,Lymphoid,1,children union,,,"MS4A1, CD79A, IGHD, IGLC2, IGKC, CD19, JCHAIN, IGHA, IGHE, IGHG, IGHM, CXCR4, BCL6, CD38, CD10, AICDA, RGS13, NEIL1, BCL7A, MKI67, BANK1, TNFRSF13C, CD83, CXCR5, CD69, SELL, CD27, HLA-DRA, CD80, CD86, TCL1A, FCRL4, ITGAX, FCRL5, FCRL1, CD1C, CR2, HMGB2, TUBA1A, TOP2A, TRAC, CD3D, CD3E, CD4, CD40LG, CXCL13, PDCD1, FOXP3, TBX21, IFNG, TNF, CXCR3, RORC, IL17A, IL22, IL21, CSF2, IL23R, CCR6, GATA3, IL4, IL10, IL13, TGFB, IL2RA, CTLA4, TIGIT, ICOS, IL1R1, IKZF2, CCR7, LEF1, IL7R, KLF2, S1PR5, IL32, MAF, CD45RO, CD8A, CD8B, IL2, GZMA, GZMK, GZMB, KLRG1, PRF1, FGFBP2, CX3CR1, GZMH, LAG3, HAVCR2, LAYN, BATF, TOX, ITGAE, ITGA1, RORA, CD160, KLRC2, KIR2DL4, NCR1, NCR2, NCR3, CD7, CD244, TCF7, TRGC1, TRDC, TRDV1, TRDV2, TRDV3, KLRK1, TRGC2, LGALS3, ZBTB16, TRAV1-2, TRAJ33, KLRB1, FCER1G, HOPX, TRAV24, STMN1, CTSW, KLRF1, KLRD1, KIT, GNLY, EOMES, NKG7, CRTH2, PTGDR2, HPGDS, IL1RL1, KRT1, KRT86"
94,B Cells,2,existing taxonomy Markers,,,"MS4A1, CD79A, IGHD, IGLC2, IGKC, CD19"
95,Plasma Cells,3,CAP feedback + metadata csv (line 83),Plasma Cells,83,JCHAIN
96,Plasma IGA,4,existing taxonomy Markers,Plasma IGA,,IGHA
97,Plasma IGE,4,existing taxonomy Markers,,,IGHE
98,Plasma IGG,4,existing taxonomy Markers,Plasma IGG,,IGHG
99,Plasma IGM,4,CAP feedback,Plasma IGM,,IGHM
100,Germinal Center B Cells (GC B),3,CAP feedback,GC B Germinal Center,,"CXCR4, BCL6, CD38, CD10"
101,GC B Dark Zone (GC B DZ),4,CAP feedback + metadata csv (line 48),GC B Dark Zone,48,"CXCR4, AICDA, RGS13, NEIL1, BCL7A, MKI67"
102,GC B Light Zone (GC B LZ),4,CAP feedback + metadata csv (line 49),GC B Light Zone,49,"BANK1, TNFRSF13C, CD83, CXCR5, BCL6"
103,Memory B,3,CAP feedback + metadata csv (line 66),B Memory,66,"CD69, SELL, CD27, HLA-DRA, CD80, CD86"
104,Naive B,3,CAP feedback + metadata csv (line 75),B Naive,75,"IGHM, IGHD, TCL1A"
105,Atypical B,3,CAP feedback,B Atypical,,"FCRL4, ITGAX, FCRL5"
106,Marginal zone B (MZB),3,CAP feedback,B Marginal zone (MZB),,"FCRL1, CD1C, CR2"
107,Cycling B,3,CAP feedback,B Cycling,,"MKI67, HMGB2, BCL6, TUBA1A, TOP2A"
108,T Cells,2,existing taxonomy Markers,,,"TRAC, CD3D, CD3E"
109,CD4 T Cells,3,existing taxonomy Markers,,,CD4
110,CD4 Tfh,4,CAP feedback + metadata csv (line 14),CD4 Tfh,14,"BCL6, CXCR5, CD40LG, CXCL13, PDCD1, FOXP3"
111,CD4 Th1,4,CAP feedback,CD4 Th1,,"CD4, TBX21, IFNG, TNF, CXCR3"
112,CD4 Th17,4,CAP feedback + metadata csv (line 16),CD4 Th17,16,"RORC, IL17A, IL22, IL21, CSF2, IL23R, CCR6"
113,CD4 Th2,4,existing taxonomy Markers,,,"GATA3, IL4, IL10, IL13"
114,CD4 Tr1,4,metadata csv (line 17),,17,"IL10, TGFB, TBX21"
115,CD4 Treg,4,CAP feedback,CD4 Treg,,"IL2RA, FOXP3, CTLA4, PDCD1, TIGIT, ICOS"
116,CD4 Tfr,5,metadata csv (line 15),,15,"CXCR5, IL10, BCL6, FOXP3, IL2RA"
117,CD4 pTreg,5,metadata csv (line 13),,13,"IL1R1, RORC, IL10, FOXP3"
118,CD4 tTreg,5,metadata csv (line 18),,18,"IKZF2, GATA3, FOXP3"
119,CD4 Naive,4,CAP feedback + metadata csv (line 12),CD4 Naive,12,"CD4, CCR7, LEF1, IL7R, KLF2, S1PR5, SELL"
120,CD4 Memory,4,CAP feedback + metadata csv (line 11),CD4 Memory,11,"IL32, MAF, CD45RO, CCR7, IL7R"
121,CD8 T Cells,3,CAP feedback,CD8 T,,"CD8A, CD8B, TRAC"
122,CD8 Effector Memory,4,CAP feedback + metadata csv (line 20),CD8 Effector/Memory,20,"IL2, GZMA, GZMK, GZMB, KLRG1, PRF1"
123,CD8 Circulating Effector Memory,4,CAP feedback + metadata csv (line 19),CD8 Circulating Effector/Memory,19,"FGFBP2, CX3CR1, GZMH, GZMK, KLRG1"
124,CD8 Memory Exhausted,4,CAP feedback + metadata csv (line 22),CD8 Memory/Exhausted,22,"LAG3, HAVCR2, PDCD1, LAYN, CTLA4, BATF, TOX"
125,CD8 TRM,4,CAP feedback + metadata csv (line 24),CD8 TRM,24,"CD8A, CD8B, ITGAE, CD69, ITGA1, RORA"
126,CD8 IEL,4,CAP feedback + metadata csv (line 21),CD8 IEL,21,"ITGAE, CD160, KLRC2, KIR2DL4, NCR1, NCR2, NCR3, CD7, CD244, CD69"
127,CD8 Naive,4,CAP feedback + metadata csv (line 23),CD8 Naive,23,"CD8A, LEF1, CCR7, TCF7"
128,CD8 Tc17,4,existing taxonomy Markers,,,"IL17A, IL23R, LAYN, IFNG"
129,CD8 Memory,4,inherited from ancestor 'CD8 T Cells',,,"CD8A, CD8B, TRAC"
130,Unconventional T Cells,3,children union,,,"TRGC1, TRDC, TRDV1, TRDV2, TRDV3, KLRK1, TRGC2, LGALS3, ZBTB16, TRAV1-2, TRAJ33, KLRB1, FCER1G, HOPX, TRAV24"
131,Gamma Delta T Cells,4,CAP feedback + metadata csv (line 47),T GammaDelta,47,"TRGC1, TRDC, TRDV1, TRDV2, TRDV3, KLRK1, TRGC2"
132,MAIT Cells,4,CAP feedback + metadata csv (line 61),T MAIT,61,"LGALS3, ZBTB16, TRAV1-2, TRAJ33, KLRB1"
133,NKT Cells,4,CAP feedback + metadata csv (line 78),T NKT,78,"FCER1G, HOPX, TRAV24, ZBTB16"
134,Cycling T Cells,3,CAP feedback,T Cycling,,"MKI67, STMN1, TOP2A"
135,Innate Lymphoid Cells (ILC),2,existing taxonomy Markers,,,"CTSW, KLRF1, KLRD1, KIT, NCR2"
136,NK Cells,3,CAP feedback + metadata csv (line 77),ILC NK Cells,77,"GNLY, EOMES, PRF1, NKG7"
137,ILC1,3,CAP feedback,ILC1,,"IFNG, TBX21, CXCR3"
138,ILC2,3,CAP feedback,ILC2,,"CRTH2, GATA3, PTGDR2, HPGDS, IL1RL1, KRT1, KLRB1"
139,ILC3,3,CAP feedback + metadata csv (line 53),ILC3,53,"KRT86, RORC, IL7R, IL23R, IL22"
140,ILC Progenitor,3,inherited from ancestor 'Innate Lymphoid Cells (ILC)',,,"CTSW, KLRF1, KLRD1, KIT, NCR2"
141,Myeloid,1,existing taxonomy Markers,,,"C1QB, C1QA, CXCL5"
142,Monocytes,2,CAP feedback,Monocytes,,"CD14, FCN1, LYST, AREG, PLAUR, CD300E, VCAN, LST1, S100A8"
143,Classical Monocytes,3,metadata csv (line 27),,27,"VCAN, FCN1, S100A8, S100A9"
144,Nonclassical Monocytes,3,metadata csv (line 79),,79,"FCGR3A, CX3CR1"
145,Macrophages,2,existing taxonomy Markers,,,"NRG1, KLF4, GPR183, C1QB, CCL3L3, MS4A6A, MS4A7, CXCL2"
146,Cycling Macrophages,3,CAP feedback + metadata csv (line 33),Macrophages Cycling,33,"NRG1, KLF4, GPR183, C1QB, CCL3L3, MS4A6A, MS4A7, CXCL2, MKI67, STMN, H2, STMN1, H2AFZ, C1Q"
147,Tissue Resident Macrophages,3,CAP feedback,Macrophages Tissue Resident,,"C1QA, C1QB, C1QC, SELENOP"
148,Mucosal Resident Macrophages,4,existing taxonomy Markers,,,"C1QA, C1QB, C1QC, SELENOP, CD163L1, FOLR2, CD209"
149,Homeostatic Macrophages,5,metadata csv (line 52),,52,FOLR2
150,M0 Macrophages,5,metadata csv (line 60),,60,"C1QA, C1QB, C1QC, CD163L1"
151,Perivascular Resident Macrophages,4,metadata csv (line 82),,82,"LYVE1, FOLR2"
152,Follicle Associated Resident Macrophages,4,CAP feedback + metadata csv (line 44),Macrophages M2,44,"CD209, CD163L1, FOLR2, MRC1, CD206, PLA2G2D, PTGDS, MMP9"
153,M1 Macrophages,3,existing taxonomy Markers,,,"TNF, CLL2, CLL3, IL1B"
154,Dendritic Cells (DC),2,existing taxonomy Markers,,,"CCR7, CCL22, LAMP3, IDO1, ITGAX, CD207, FSCN1"
155,migDC,3,CAP feedback + metadata csv (line 71),DC migDC,71,"LAMP3, IDO1, CCR7, CD40, CCL5"
156,cDC1,3,CAP feedback + metadata csv (line 25),DC cDC1,25,"CLEC9A, XCR1, DNASE1L3, SHTN1, BATF3"
157,cDC2,3,CAP feedback + metadata csv (line 26),DC cDC2,26,"CD1C, TCTN3, FCER1A, CLEC10A, SPI1, SIRPA"
158,Tolerogenic cDC2,4,metadata csv (line 92),,92,"PRDM16, RORC"
159,pDC,3,metadata csv (line 81),,81,"LILRA4, PLD4, IL3RA, CLIC3, CLEC4C"
160,"Monocyte Derived Dendritic Cells
(MO DC)",3,CAP feedback + metadata csv (line 72),"DC Monocyte derived dendritic cell
(MO DC)",72,"MSR1, NPR2, CD1A, CCR2"
161,Granulocytes,2,CAP feedback,Granulocytes,,"CLC, IL4, CPA3, FCGR2B, FCGR3B, S100A12"
162,Mast Cells,3,CAP feedback + metadata csv (line 63),Granulocytes Mast Cells,63,"CPA3, TPSB2, TPSAB1, CTSG, HPGDS, KIT"
163,Neutrophils,3,metadata csv (line 76),,76,"G0S2, CXCR2, S100A8, S100A9, PROK2, IFIT2, CCL3L1"
164,Basophils,3,inherited from ancestor 'Granulocytes',,,"CLC, IL4, CPA3, FCGR2B, FCGR3B, S100A12"
165,Eosinophils,3,metadata csv (line 41),,41,"CLC, IL4"
166,Megakaryocytes,2,existing taxonomy Markers,,,"GP9, LCN2"
167,Red Blood Cells (RBC),2,existing taxonomy Markers,,,"HBB, HBA"
168,Neurons,1,existing taxonomy Markers,,,"RET, SNAP25, SLC17A7, RBFOX3, ENO2, SLC12A5"
169,Excitatory Neurons,2,inherited from ancestor 'Neurons',,,"RET, SNAP25, SLC17A7, RBFOX3, ENO2, SLC12A5"
170,Inhibitory Neurons,2,inherited from ancestor 'Neurons',,,"RET, SNAP25, SLC17A7, RBFOX3, ENO2, SLC12A5"
171,Neuroendocrine Neurons,2,inherited from ancestor 'Neurons',,,"RET, SNAP25, SLC17A7, RBFOX3, ENO2, SLC12A5"
